mode,layer,branch,bucket,median,p99,max,emu_median,emu_p99,limit_median,limit_p99,limit_max,pass
fp32_forced,0,attn,,2.395163993979842e-07,3.1203765605257835e-07,3.7876162585916167e-07,0.0028422362857403,0.0035361052806078684,0.0001,,0.001,True
fp32_forced,0,moe,,2.137874658757495e-07,3.6548199345767593e-07,4.882748537342734e-07,0.003502211736841551,0.005354062445763834,0.0001,,0.001,True
fp32_forced,1,attn,,2.675826979638244e-07,4.447640710580882e-07,6.195493797645791e-07,0.0030585040304022763,0.0048220034637093175,0.0001,,0.001,True
fp32_forced,1,moe,,1.1727332780832778e-07,3.109003511224954e-07,5.781023208217108e-07,0.0027698028184365117,0.00654837580784952,0.0001,,0.001,True
fp32_forced,2,attn,,3.359646021875127e-07,6.682938718457211e-07,1.0182716908552918e-06,0.003053941233894021,0.0062281253973872144,0.0001,,0.001,True
fp32_forced,2,moe,,2.255964181820009e-07,6.618690206558328e-07,1.3599544514086673e-06,0.0036514804232864644,0.008665295914195884,0.0001,,0.001,True
fp32_forced,3,attn,,4.216035089953257e-07,1.2425226748042038e-06,2.2192553512215093e-06,0.003363660426861823,0.006780930460513086,0.0001,,0.001,True
fp32_forced,3,moe,,2.796809170503196e-07,9.987808203153577e-07,1.7442731593832489e-06,0.0037283736077327553,0.011520298090676053,0.0001,,0.001,True
fp32_forced,4,attn,,4.456805124983413e-07,1.40041935383409e-06,2.359213867964032e-06,0.003061264428271069,0.008138685062779004,0.0001,,0.001,True
fp32_forced,4,moe,,1.947216957361971e-07,9.371303305976672e-07,2.6639050554486427e-06,0.0029460466041650937,0.010227288786161888,0.0001,,0.001,True
fp32_forced,5,attn,,2.846199130869686e-07,1.1279509034466478e-06,2.7623212993097935e-06,0.0026387230448479426,0.008646399663895564,0.0001,,0.001,True
fp32_forced,5,moe,,2.948124326682765e-07,1.1185223572136876e-06,2.4219649198483676e-06,0.004482758333256911,0.014137931142260139,0.0001,,0.001,True
fp32_forced,6,attn,,4.671888269809412e-07,1.2244814583413606e-06,2.3569812804477563e-06,0.003382410783155191,0.008437513279991862,0.0001,,0.001,True
fp32_forced,6,moe,,4.041437884477632e-07,1.64035837227523e-06,3.084836440390365e-06,0.004490197304365617,0.014903353977306587,0.0001,,0.001,True
fp32_forced,7,attn,,6.362407659406243e-07,1.3379358346152406e-06,2.423200518585472e-06,0.004383201622386608,0.009010997101645539,0.0001,,0.001,True
fp32_forced,7,moe,,5.21991361704725e-07,1.7116356507541712e-06,3.401221599292788e-06,0.0053316763318779214,0.017197817161498145,0.0001,,0.001,True
fp32_forced,8,attn,,6.931571684858255e-07,1.528211423662617e-06,2.7527607858198556e-06,0.0043983878059142435,0.009092480920533627,0.0001,,0.001,True
fp32_forced,8,moe,,5.611013299544004e-07,1.7421037834810792e-06,3.2774922123657197e-06,0.00531389919941439,0.01501688679624997,0.0001,,0.001,True
fp32_forced,9,attn,,8.118266951944669e-07,1.1806257650625027e-06,1.8048510141862338e-06,0.004331415357140985,0.006382004025662244,0.0001,,0.001,True
fp32_forced,9,moe,,4.1328513769367875e-07,7.144274803746131e-07,9.721172639237962e-07,0.004244725681542797,0.00703675385632222,0.0001,,0.001,True
fp32_forced,10,attn,,6.827666203957356e-07,1.0264223908332567e-06,1.562738194746665e-06,0.004489154140078029,0.0066019113564625845,0.0001,,0.001,True
fp32_forced,10,moe,,2.9532771811928005e-07,5.611638974383239e-07,7.889626065216151e-07,0.003789067523581707,0.0078924326391787,0.0001,,0.001,True
fp32_forced,11,attn,,5.845481394688671e-07,1.0608600553431423e-06,1.8323991854274593e-06,0.004135989121319206,0.007464182196691303,0.0001,,0.001,True
fp32_forced,11,moe,,2.1618335936396307e-07,4.545146535069609e-07,7.401127475816195e-07,0.0032828996806240625,0.006852953176329627,0.0001,,0.001,True
fp32_forced,12,attn,,3.456674688075955e-07,8.967109539688166e-07,1.4792946687313002e-06,0.003166814609597713,0.0071112910658710365,0.0001,,0.001,True
fp32_forced,12,moe,,2.723866081219462e-07,5.814018088787472e-07,8.287075241167445e-07,0.0037748691689827914,0.007815181881030303,0.0001,,0.001,True
fp32_forced,13,attn,,5.883002797094291e-07,1.1850340770729646e-06,1.7688403325994654e-06,0.004067574621858127,0.008434528237163163,0.0001,,0.001,True
fp32_forced,13,moe,,3.7913580804500723e-07,1.1816804617445697e-06,2.5291474101502318e-06,0.004224331190713863,0.011830156878466216,0.0001,,0.001,True
fp32_forced,14,attn,,9.174603397990455e-07,1.6551942256845828e-06,2.6326635772300212e-06,0.0046192458774397364,0.007822898148520897,0.0001,,0.001,True
fp32_forced,14,moe,,6.512319296107415e-07,1.1426797524384504e-06,1.9994720273051385e-06,0.0049979030625107775,0.008062965954050205,0.0001,,0.001,True
fp32_forced,15,attn,,7.104771189011226e-07,1.6571618263065338e-06,3.4284809567366203e-06,0.00519621738271645,0.011942267777071587,0.0001,,0.001,True
fp32_forced,15,moe,,5.745980311767277e-07,2.2227401178610933e-06,5.548551538232754e-06,0.005415370691491807,0.018441459570249938,0.0001,,0.001,True
fp32_forced,16,attn,,6.426089404462691e-07,1.3953722231634938e-06,2.229738673615694e-06,0.004359232929449205,0.009915806159334784,0.0001,,0.001,True
fp32_forced,16,moe,,4.00142949759614e-07,1.3752925107400306e-06,3.7025797526991822e-06,0.00406950035772929,0.013539077966062595,0.0001,,0.001,True
fp32_forced,17,attn,,6.319550589298115e-07,1.2864433138905636e-06,2.012687262570404e-06,0.0043438209459817165,0.009179172412038056,0.0001,,0.001,True
fp32_forced,17,moe,,5.984943814865056e-07,1.0320158628535879e-06,1.7153661190693198e-06,0.005131478170062575,0.009238385305277671,0.0001,,0.001,True
fp32_forced,18,attn,,8.28856666720955e-07,1.8750698838840843e-06,2.9433485309482914e-06,0.005690610151968418,0.011473824608492719,0.0001,,0.001,True
fp32_forced,18,moe,,4.838744198225347e-07,1.7609854463830229e-06,4.223971049452896e-06,0.00438609890566043,0.014029607264806294,0.0001,,0.001,True
fp32_forced,19,attn,,1.1746820430118463e-06,1.832473152399656e-06,2.41396955368643e-06,0.005780460139693888,0.008549901766355781,0.0001,,0.001,True
fp32_forced,19,moe,,8.547770158511857e-07,2.036932207660264e-06,4.4552432155802285e-06,0.005675463934341637,0.013490038844792853,0.0001,,0.001,True
fp32_forced,20,attn,,8.355399836807965e-07,1.2969516356365813e-06,1.5351747993212824e-06,0.005320804742360279,0.008124789347078642,0.0001,,0.001,True
fp32_forced,20,moe,,7.44167246702948e-07,1.1027935680489348e-06,1.6755809783951675e-06,0.005902808217703693,0.008820799959887025,0.0001,,0.001,True
fp32_forced,21,attn,,8.991358937031816e-07,1.2102710827125449e-06,1.468613730376665e-06,0.0055003362468007185,0.007058736294125739,0.0001,,0.001,True
fp32_forced,21,moe,,6.586412269409685e-07,1.2317499744712847e-06,2.0082731090805576e-06,0.005523294284036227,0.01080835857088878,0.0001,,0.001,True
fp32_forced,22,attn,,8.93471568156346e-07,1.3309650742119717e-06,1.674192999952624e-06,0.006040965312823479,0.00951067792414368,0.0001,,0.001,True
fp32_forced,22,moe,,7.244844456319576e-07,1.091043370375898e-06,1.6300074672769094e-06,0.00590632478812478,0.008860767270496589,0.0001,,0.001,True
fp32_forced,23,attn,,8.78065060661589e-07,1.2222638119183589e-06,1.6278282283762328e-06,0.005630156473935197,0.007685139126187846,0.0001,,0.001,True
fp32_forced,23,moe,,5.308766425473384e-07,1.0540699385898079e-06,1.7024851936840608e-06,0.004698069089200082,0.009891667492699398,0.0001,,0.001,True
fp32_forced,24,attn,,1.2798897078002994e-06,2.119038897937694e-06,2.769379574697323e-06,0.006250986089903749,0.009856787655513979,0.0001,,0.001,True
fp32_forced,24,moe,,1.0626484613412837e-06,2.1659044142445617e-06,3.484065474250229e-06,0.0065152785876308,0.013077885813285095,0.0001,,0.001,True
fp32_forced,25,attn,,8.379453290806723e-07,1.5002226500752509e-06,2.3253100216244054e-06,0.005538862398076367,0.009357274972388079,0.0001,,0.001,True
fp32_forced,25,moe,,4.6498992319567877e-07,1.5327956578241419e-06,2.8560093450438473e-06,0.004552381818967121,0.014696353661678842,0.0001,,0.001,True
fp32_forced,26,attn,,6.042754302485532e-07,1.4063885715430575e-06,2.315021515590288e-06,0.004250471702921104,0.009053775351564174,0.0001,,0.001,True
fp32_forced,26,moe,,5.938820970731108e-07,1.2335305886713064e-06,2.2205183767161387e-06,0.00525558807741908,0.011699443241646445,0.0001,,0.001,True
fp32_forced,27,attn,,9.757213767333233e-07,1.375297982235005e-06,1.948113747361972e-06,0.006555541388191404,0.010399190730092472,0.0001,,0.001,True
fp32_forced,27,moe,,7.08592615304331e-07,1.3218588895051885e-06,2.1056344830734323e-06,0.005829414497820756,0.01160395078043214,0.0001,,0.001,True
fp32_forced,28,attn,,9.904009155002004e-07,1.4458144820469134e-06,1.990381463681583e-06,0.006017985637499179,0.009815445246287594,0.0001,,0.001,True
fp32_forced,28,moe,,6.066452973023632e-07,1.750858307810769e-06,5.357637379631617e-06,0.005261037027031469,0.01520678282473957,0.0001,,0.001,True
fp32_forced,29,attn,,1.2961057621299765e-06,2.2738702252886365e-06,3.8124067457589097e-06,0.006371838174816386,0.011360215107577816,0.0001,,0.001,True
fp32_forced,29,moe,,8.338515334701723e-07,2.579819573238898e-06,4.871613066354243e-06,0.005825329030541296,0.017390225292792758,0.0001,,0.001,True
fp32_forced,30,attn,,6.161816593035539e-07,1.2693864417631527e-06,3.794249628095656e-06,0.004413416290042065,0.009430103611761014,0.0001,,0.001,True
fp32_forced,30,moe,,6.96903710039265e-07,1.6322470867856929e-06,8.656617919513058e-06,0.006732393758328181,0.0192499391846835,0.0001,,0.001,True
fp32_forced,31,attn,,9.340392003040943e-07,1.3392996149921734e-06,1.945589479458317e-06,0.005742053559981966,0.00874974276961268,0.0001,,0.001,True
fp32_forced,31,moe,,8.646674940054195e-07,2.111916690757e-06,5.891313613179374e-06,0.008574621110335287,0.02653404649573805,0.0001,,0.001,True
fp32_forced,32,attn,,9.355548134166149e-07,1.275983501558966e-06,1.6575360722013073e-06,0.006129387550326238,0.008717673676351028,0.0001,,0.001,True
fp32_forced,32,moe,,6.337656078539817e-07,8.48885722461486e-07,1.0712867785344728e-06,0.005533632846557446,0.007628981915502271,0.0001,,0.001,True
fp32_forced,33,attn,,9.883172807910863e-07,1.3233821446370324e-06,1.591678977570488e-06,0.00789023325135359,0.012287670490506913,0.0001,,0.001,True
fp32_forced,33,moe,,5.511991497525383e-07,9.985017615180445e-07,2.2421967514448817e-06,0.005649583194608536,0.011456448017209252,0.0001,,0.001,True
fp32_forced,34,attn,,1.2641941284631995e-06,1.8440762252085993e-06,2.317851619594977e-06,0.0055345443218835656,0.008312016339214185,0.0001,,0.001,True
fp32_forced,34,moe,,6.968038649435539e-07,1.0688865114735403e-06,1.4497720091976427e-06,0.00490914578689918,0.006893621159483617,0.0001,,0.001,True
fp32_forced,35,attn,,9.081285528872944e-07,1.2737578825231007e-06,1.724354361904876e-06,0.0055884057513223085,0.007878220074583235,0.0001,,0.001,True
fp32_forced,35,moe,,6.424914705603029e-07,1.3057458830059004e-06,1.993831114725468e-06,0.006327513127687994,0.01648043793826863,0.0001,,0.001,True
fp32_forced,36,attn,,7.846439219062549e-07,1.1649616871050671e-06,1.4810708699308697e-06,0.0061329405815236954,0.009954939767784247,0.0001,,0.001,True
fp32_forced,36,moe,,6.238950214639173e-07,1.1185379482160052e-06,1.779244729706067e-06,0.006217526812468815,0.013502460856862419,0.0001,,0.001,True
fp32_forced,37,attn,,8.656672718979914e-07,1.2471320567156976e-06,1.4715603450124495e-06,0.005625156814753009,0.008665053862390578,0.0001,,0.001,True
fp32_forced,37,moe,,4.7522794838920324e-07,6.835620681556216e-07,9.055817406369483e-07,0.004608717776206313,0.0065742451295752674,0.0001,,0.001,True
fp32_forced,38,attn,,8.465319154429087e-07,1.235679220417596e-06,1.5886158112094331e-06,0.006806889477440478,0.010803173242154209,0.0001,,0.001,True
fp32_forced,38,moe,,5.176255342294905e-07,8.627305231062659e-07,1.857851563410154e-06,0.0054647218487498365,0.012038570876354604,0.0001,,0.001,True
fp32_forced,39,attn,,1.234119789765619e-06,1.8452807040610398e-06,2.3896048158417036e-06,0.006642830160660375,0.009619851123071989,0.0001,,0.001,True
fp32_forced,39,moe,,7.660226102610861e-07,1.2001092136488349e-06,3.0363064921451513e-06,0.005643274172617981,0.00882176894188102,0.0001,,0.001,True
fp32_forced,40,attn,,8.810295161987758e-07,1.174349670257728e-06,1.3944427512730228e-06,0.005503503295393831,0.00766496380230427,0.0001,,0.001,True
fp32_forced,40,moe,,5.405177372671006e-07,9.8120817561945e-07,1.7790889308065174e-06,0.005845062784204466,0.013897384904315054,0.0001,,0.001,True
fp32_forced,41,attn,,9.185788572376176e-07,1.2890575128959225e-06,1.6256257088650292e-06,0.006377073725548514,0.009546419813869948,0.0001,,0.001,True
fp32_forced,41,moe,,5.511006331939631e-07,8.100599262994441e-07,1.1897733657121415e-06,0.005538274248525732,0.009541672741759474,0.0001,,0.001,True
fp32_forced,42,attn,,8.473603288457912e-07,1.2106491342088976e-06,1.7316030163437603e-06,0.006828266198077491,0.011704161385401854,0.0001,,0.001,True
fp32_forced,42,moe,,5.748458027462452e-07,8.228540565877181e-07,2.772075105196641e-06,0.0058522602529843416,0.009467940517149005,0.0001,,0.001,True
fp32_forced,43,attn,,7.878716649862189e-07,1.0920356383495019e-06,1.3478794247815198e-06,0.006184356748025423,0.010719430528244747,0.0001,,0.001,True
fp32_forced,43,moe,,5.102137292625975e-07,7.354614081818746e-07,9.654045520720119e-07,0.005286121634658501,0.00865100836169832,0.0001,,0.001,True
fp32_forced,44,attn,,1.4605034800763424e-06,2.0816971427473155e-06,2.7447920918153532e-06,0.007519632601396652,0.011219277858355647,0.0001,,0.001,True
fp32_forced,44,moe,,8.706326930605945e-07,1.333635717265905e-06,2.4077826859647725e-06,0.005816924117421068,0.00895092788045276,0.0001,,0.001,True
fp32_forced,45,attn,,7.899091032214699e-07,1.1350678215553159e-06,1.631807264856461e-06,0.005034462639502737,0.007412583070424985,0.0001,,0.001,True
fp32_forced,45,moe,,5.969687855575306e-07,8.440317223038868e-07,1.0755241700204805e-06,0.005604769839571912,0.007945287192911231,0.0001,,0.001,True
fp32_forced,46,attn,,7.088481025443312e-07,1.0663023463051416e-06,1.4220921250990637e-06,0.0042419610187302195,0.006911489303654371,0.0001,,0.001,True
fp32_forced,46,moe,,4.6164427723728257e-07,6.527832625263163e-07,8.820585467496486e-07,0.004821664837385683,0.006710015781013295,0.0001,,0.001,True
fp32_forced,47,attn,,5.414164241903038e-07,9.474359600198187e-07,1.3347144667637134e-06,0.003997702796529656,0.006573544687978645,0.0001,,0.001,True
fp32_forced,47,moe,,4.585215454337141e-07,6.424036813117647e-07,8.586012672512757e-07,0.004886656036900183,0.0065661341797535145,0.0001,,0.001,True
fp32_forced,48,attn,,6.96968527362433e-07,1.1924647812881048e-06,2.362304382007292e-06,0.005193067435208743,0.009189185033553801,0.0001,,0.001,True
fp32_forced,48,moe,,4.1587119744647544e-07,6.581833090308748e-07,8.287561078767525e-07,0.004879253688927493,0.007803070141874901,0.0001,,0.001,True
fp32_forced,49,attn,,1.0009571332222475e-06,1.7919214192098832e-06,2.6356028837483775e-06,0.005390417875730623,0.01245951146119717,0.0001,,0.001,True
fp32_forced,49,moe,,4.461744968322972e-07,8.440751472799811e-07,1.3197165252362616e-06,0.005057013331460742,0.010232008253686992,0.0001,,0.001,True
bf16_forced,0,attn,,0.002843060972158947,0.003542413767870452,0.004260371239385646,0.0028422362857403,0.0035361052806078684,0.0085267088572209,0.05,,True
bf16_forced,0,moe,,0.003579910427707753,0.00557291899881829,0.007719887882308234,0.003502211736841551,0.005354062445763834,0.010506635210524654,0.05,,True
bf16_forced,1,attn,,0.0031491439356085295,0.004920496103605765,0.00749500196324628,0.0030585040304022763,0.0048220034637093175,0.009175512091206829,0.05,,True
bf16_forced,1,moe,,0.00280729431571032,0.006527208545339095,0.010534218759720137,0.0027698028184365117,0.00654837580784952,0.008309408455309536,0.05,,True
bf16_forced,2,attn,,0.0031108959826536033,0.0062784185114511904,0.008481114453111773,0.003053941233894021,0.0062281253973872144,0.009161823701682063,0.05,,True
bf16_forced,2,moe,,0.0037643878411146286,0.009010314763657492,0.01593434346643685,0.0036514804232864644,0.008665295914195884,0.010954441269859394,0.05,,True
bf16_forced,3,attn,,0.0034597315821580776,0.007143457960760362,0.010548416168624555,0.003363660426861823,0.006780930460513086,0.010090981280585469,0.05,,True
bf16_forced,3,moe,,0.0039054822509693487,0.01201570475185481,0.025160182073416824,0.0037283736077327553,0.011520298090676053,0.011185120823198266,0.05,,True
bf16_forced,4,attn,,0.0031439540989544614,0.008479134276121255,0.013266404756044655,0.003061264428271069,0.008138685062779004,0.009183793284813207,0.05,,True
bf16_forced,4,moe,,0.003023486148307106,0.010340163778216475,0.02601015922813158,0.0029460466041650937,0.010227288786161888,0.008838139812495281,0.05,,True
bf16_forced,5,attn,,0.002756451532240185,0.009109426593474239,0.014354200712136037,0.0026387230448479426,0.008646399663895564,0.007916169134543828,0.05,,True
bf16_forced,5,moe,,0.004585594678133045,0.013430014994301125,0.024738891037784063,0.004482758333256911,0.014137931142260139,0.013448274999770731,0.05,,True
bf16_forced,6,attn,,0.0034713776798710443,0.009032487657906124,0.03847848034378489,0.003382410783155191,0.008437513279991862,0.010147232349465574,0.05,,True
bf16_forced,6,moe,,0.004722561157671773,0.015339190011657495,0.03280616959735435,0.004490197304365617,0.014903353977306587,0.013470591913096852,0.05,,True
bf16_forced,7,attn,,0.004561154416731789,0.00963144607150452,0.01606693215489812,0.004383201622386608,0.009010997101645539,0.013149604867159825,0.05,,True
bf16_forced,7,moe,,0.005806859874273574,0.018256701287219807,0.034421665351192704,0.0053316763318779214,0.017197817161498145,0.015995028995633764,0.051593451484494436,,True
bf16_forced,8,attn,,0.004568675245663766,0.009461957956596179,0.0534913322760987,0.0043983878059142435,0.009092480920533627,0.01319516341774273,0.05,,True
bf16_forced,8,moe,,0.005714974945058765,0.01601519607165022,0.07864526719497685,0.00531389919941439,0.01501688679624997,0.015941697598243168,0.05,,True
bf16_forced,9,attn,,0.0045000837070310485,0.006678262527399731,0.00949782587303346,0.004331415357140985,0.006382004025662244,0.012994246071422955,0.05,,True
bf16_forced,9,moe,,0.004487607369583074,0.007173018608761545,0.010556888216831612,0.004244725681542797,0.00703675385632222,0.012734177044628392,0.05,,True
bf16_forced,10,attn,,0.004627518234465566,0.0067527743946785655,0.011445489143264098,0.004489154140078029,0.0066019113564625845,0.013467462420234087,0.05,,True
bf16_forced,10,moe,,0.003957026765168581,0.007770936593712622,0.012507943922785644,0.003789067523581707,0.0078924326391787,0.011367202570745121,0.05,,True
bf16_forced,11,attn,,0.00427037960248869,0.0077995632091482315,0.015008268466455223,0.004135989121319206,0.007464182196691303,0.012407967363957618,0.05,,True
bf16_forced,11,moe,,0.003357812768941035,0.00694837423481204,0.009185954645343582,0.0032828996806240625,0.006852953176329627,0.009848699041872187,0.05,,True
bf16_forced,12,attn,,0.0032943466052131297,0.007302283971302119,0.013644725225596132,0.003166814609597713,0.0071112910658710365,0.009500443828793139,0.05,,True
bf16_forced,12,moe,,0.0039826141879346875,0.00822814120338756,0.02043104690315439,0.0037748691689827914,0.007815181881030303,0.011324607506948374,0.05,,True
bf16_forced,13,attn,,0.0042176327766054525,0.008835243995993235,0.013840853622827123,0.004067574621858127,0.008434528237163163,0.01220272386557438,0.05,,True
bf16_forced,13,moe,,0.0045118315800954795,0.013240875445903653,0.09348741555546812,0.004224331190713863,0.011830156878466216,0.012672993572141588,0.05,,True
bf16_forced,14,attn,,0.004825742321035808,0.008310996535462302,0.014647015154788086,0.0046192458774397364,0.007822898148520897,0.01385773763231921,0.05,,True
bf16_forced,14,moe,,0.005386233966424811,0.008949921927712422,0.026684387822487013,0.0049979030625107775,0.008062965954050205,0.014993709187532333,0.05,,True
bf16_forced,15,attn,,0.005402079309258648,0.012017929753616905,0.020704818407435183,0.00519621738271645,0.011942267777071587,0.01558865214814935,0.05,,True
bf16_forced,15,moe,,0.005918964265809005,0.020390568531434977,0.040989491931302975,0.005415370691491807,0.018441459570249938,0.01624611207447542,0.055324378710749814,,True
bf16_forced,16,attn,,0.004544129395052981,0.01051045027195542,0.018590309452299923,0.004359232929449205,0.009915806159334784,0.013077698788347615,0.05,,True
bf16_forced,16,moe,,0.004379469275155377,0.014434585269431225,0.03014621820725121,0.00406950035772929,0.013539077966062595,0.012208501073187869,0.05,,True
bf16_forced,17,attn,,0.004554964854214962,0.009914518881030747,0.015565471182206438,0.0043438209459817165,0.009179172412038056,0.01303146283794515,0.05,,True
bf16_forced,17,moe,,0.005641444364239108,0.010638070577401359,0.01607895363450957,0.005131478170062575,0.009238385305277671,0.015394434510187726,0.05,,True
bf16_forced,18,attn,,0.005915090215922975,0.01208895258258098,0.020650331244359235,0.005690610151968418,0.011473824608492719,0.017071830455905254,0.05,,True
bf16_forced,18,moe,,0.0048132200148718225,0.015723483275846828,0.03399199836711348,0.00438609890566043,0.014029607264806294,0.01315829671698129,0.05,,True
bf16_forced,19,attn,,0.006081296957392028,0.008961545499407805,0.014190089233167145,0.005780460139693888,0.008549901766355781,0.01734138041908166,0.05,,True
bf16_forced,19,moe,,0.0062832796134306285,0.015323097020520534,0.03242030014628085,0.005675463934341637,0.013490038844792853,0.017026391803024912,0.05,,True
bf16_forced,20,attn,,0.005510448538436576,0.008543238053802634,0.01129070290002191,0.005320804742360279,0.008124789347078642,0.015962414227080838,0.05,,True
bf16_forced,20,moe,,0.006625066836876348,0.010280328042885043,0.01755113014568313,0.005902808217703693,0.008820799959887025,0.01770842465311108,0.05,,True
bf16_forced,21,attn,,0.005737222991356978,0.007516807452871088,0.010307500380995871,0.0055003362468007185,0.007058736294125739,0.016501008740402154,0.05,,True
bf16_forced,21,moe,,0.0062616337706447355,0.013453124486560735,0.021214333935126322,0.005523294284036227,0.01080835857088878,0.01656988285210868,0.05,,True
bf16_forced,22,attn,,0.006253084906498201,0.009828036522481622,0.013686283285865793,0.006040965312823479,0.00951067792414368,0.018122895938470437,0.05,,True
bf16_forced,22,moe,,0.006626975071235528,0.010246289360352873,0.014924787388198623,0.00590632478812478,0.008860767270496589,0.01771897436437434,0.05,,True
bf16_forced,23,attn,,0.005890488068540721,0.008123495197829865,0.010508384490277727,0.005630156473935197,0.007685139126187846,0.016890469421805592,0.05,,True
bf16_forced,23,moe,,0.0052689159934568705,0.01109991111760868,0.0193015834970525,0.004698069089200082,0.009891667492699398,0.014094207267600247,0.05,,True
bf16_forced,24,attn,,0.006516137207575266,0.010364844337761999,0.015061322057670534,0.006250986089903749,0.009856787655513979,0.018752958269711247,0.05,,True
bf16_forced,24,moe,,0.007350631171727649,0.0153730641108411,0.02575720775973243,0.0065152785876308,0.013077885813285095,0.0195458357628924,0.05,,True
bf16_forced,25,attn,,0.005762413463573663,0.009716355948586207,0.015344101581168926,0.005538862398076367,0.009357274972388079,0.0166165871942291,0.05,,True
bf16_forced,25,moe,,0.005192331443118001,0.017648090835150388,0.03170913013228753,0.004552381818967121,0.014696353661678842,0.013657145456901363,0.05,,True
bf16_forced,26,attn,,0.004458615626454749,0.009631328633983957,0.014849368988991085,0.004250471702921104,0.009053775351564174,0.012751415108763311,0.05,,True
bf16_forced,26,moe,,0.005868011406327471,0.01277839993979645,0.020712704622912977,0.00525558807741908,0.011699443241646445,0.01576676423225724,0.05,,True
bf16_forced,27,attn,,0.006857708310671462,0.011232186243544393,0.017069196301858387,0.006555541388191404,0.010399190730092472,0.019666624164574213,0.05,,True
bf16_forced,27,moe,,0.0064008512701450165,0.013080043686060127,0.017479409063659742,0.005829414497820756,0.01160395078043214,0.017488243493462268,0.05,,True
bf16_forced,28,attn,,0.006424665479741039,0.010856082952789376,0.018842038832910434,0.006017985637499179,0.009815445246287594,0.01805395691249754,0.05,,True
bf16_forced,28,moe,,0.005864533705343745,0.018414686686741205,0.035851686553983235,0.005261037027031469,0.01520678282473957,0.015783111081094404,0.05,,True
bf16_forced,29,attn,,0.006612017452305785,0.012145381318508454,0.06379042664014489,0.006371838174816386,0.011360215107577816,0.019115514524449158,0.05,,True
bf16_forced,29,moe,,0.006503609938380184,0.021349094442116575,0.03725357883022994,0.005825329030541296,0.017390225292792758,0.017475987091623887,0.05217067587837827,,True
bf16_forced,30,attn,,0.004675190429453089,0.010211632836874469,0.028568967583103122,0.004413416290042065,0.009430103611761014,0.013240248870126195,0.05,,True
bf16_forced,30,moe,,0.007639561142726053,0.021682104704590026,0.08688813658359287,0.006732393758328181,0.0192499391846835,0.020197181274984544,0.057749817554050495,,True
bf16_forced,31,attn,,0.005921664434155617,0.00904390816529335,0.02413787119533688,0.005742053559981966,0.00874974276961268,0.017226160679945896,0.05,,True
bf16_forced,31,moe,,0.010492904720361605,0.03391059493675002,0.05471419450584235,0.008574621110335287,0.02653404649573805,0.02572386333100586,0.07960213948721415,,True
bf16_forced,32,attn,,0.006374306047839052,0.009142606259287497,0.015272580535633884,0.006129387550326238,0.008717673676351028,0.018388162650978715,0.05,,True
bf16_forced,32,moe,,0.006157131477485769,0.009061480586583837,0.013524377236810069,0.005533632846557446,0.007628981915502271,0.016600898539672337,0.05,,True
bf16_forced,33,attn,,0.008104940949976741,0.012589017910920824,0.016879847103928442,0.00789023325135359,0.012287670490506913,0.023670699754060772,0.05,,True
bf16_forced,33,moe,,0.006370320631843529,0.014254306809050666,0.02336586374002924,0.005649583194608536,0.011456448017209252,0.016948749583825605,0.05,,True
bf16_forced,34,attn,,0.005753602319193396,0.008788418516303026,0.012939823052091352,0.0055345443218835656,0.008312016339214185,0.0166036329656507,0.05,,True
bf16_forced,34,moe,,0.005434375551446616,0.00750648196131141,0.009944987630455116,0.00490914578689918,0.006893621159483617,0.014727437360697539,0.05,,True
bf16_forced,35,attn,,0.005842308538151129,0.008401324478814698,0.01265116487521736,0.0055884057513223085,0.007878220074583235,0.016765217253966926,0.05,,True
bf16_forced,35,moe,,0.007321107229230505,0.020518149994644182,0.033806402543414056,0.006327513127687994,0.01648043793826863,0.018982539383063983,0.05,,True
bf16_forced,36,attn,,0.006315746017694269,0.010131217733363097,0.013384220756056943,0.0061329405815236954,0.009954939767784247,0.018398821744571088,0.05,,True
bf16_forced,36,moe,,0.006916039079739224,0.015254213707282827,0.022461542836895127,0.006217526812468815,0.013502460856862419,0.018652580437406443,0.05,,True
bf16_forced,37,attn,,0.00583808855007184,0.008985090045909873,0.012348890362324876,0.005625156814753009,0.008665053862390578,0.01687547044425903,0.05,,True
bf16_forced,37,moe,,0.005027464629869419,0.006972619201130172,0.009542958425009462,0.004608717776206313,0.0065742451295752674,0.013826153328618938,0.05,,True
bf16_forced,38,attn,,0.007108957485191823,0.011311677827860972,0.015296613585698783,0.006806889477440478,0.010803173242154209,0.02042066843232143,0.05,,True
bf16_forced,38,moe,,0.006114801542857618,0.01429061862635436,0.025497206712448546,0.0054647218487498365,0.012038570876354604,0.01639416554624951,0.05,,True
bf16_forced,39,attn,,0.007051939289420912,0.010448399397511908,0.015231471984601636,0.006642830160660375,0.009619851123071989,0.019928490481981125,0.05,,True
bf16_forced,39,moe,,0.0062600650858761035,0.009977107800601423,0.013011971308619053,0.005643274172617981,0.00882176894188102,0.016929822517853944,0.05,,True
bf16_forced,40,attn,,0.005768242318688093,0.007897197087351714,0.011501065333847687,0.005503503295393831,0.00766496380230427,0.016510509886181492,0.05,,True
bf16_forced,40,moe,,0.006839692281508834,0.018308348520191496,0.026934426617037023,0.005845062784204466,0.013897384904315054,0.017535188352613397,0.05,,True
bf16_forced,41,attn,,0.00667871930065467,0.010073352573990417,0.014373714744544977,0.006377073725548514,0.009546419813869948,0.019131221176645542,0.05,,True
bf16_forced,41,moe,,0.006122932316772635,0.010483015558338669,0.01688878568315941,0.005538274248525732,0.009541672741759474,0.0166148227455772,0.05,,True
bf16_forced,42,attn,,0.006933714674272764,0.011805163406914463,0.01695475358539195,0.006828266198077491,0.011704161385401854,0.020484798594232474,0.05,,True
bf16_forced,42,moe,,0.006476374466660918,0.010941830677499147,0.05491077571165565,0.0058522602529843416,0.009467940517149005,0.017556780758953026,0.05,,True
bf16_forced,43,attn,,0.006389426168890582,0.011014916568181349,0.0162176774829066,0.006184356748025423,0.010719430528244747,0.01855307024407627,0.05,,True
bf16_forced,43,moe,,0.005878723403593142,0.009835641269662751,0.026685767296970964,0.005286121634658501,0.00865100836169832,0.015858364903975502,0.05,,True
bf16_forced,44,attn,,0.007945667325167972,0.011856642518579803,0.01661842722791796,0.007519632601396652,0.011219277858355647,0.022558897804189956,0.05,,True
bf16_forced,44,moe,,0.0065216352053320825,0.010206892880512236,0.02087134744123143,0.005816924117421068,0.00895092788045276,0.017450772352263205,0.05,,True
bf16_forced,45,attn,,0.005286267333619504,0.007807639173710586,0.011877692951669369,0.005034462639502737,0.007412583070424985,0.015103387918508212,0.05,,True
bf16_forced,45,moe,,0.006372602077224971,0.009204887671136011,0.020035187122154515,0.005604769839571912,0.007945287192911231,0.016814309518715737,0.05,,True
bf16_forced,46,attn,,0.004424947226219831,0.007269029431870227,0.009610961970100688,0.0042419610187302195,0.006911489303654371,0.012725883056190658,0.05,,True
bf16_forced,46,moe,,0.005402844245696677,0.0073574016116923135,0.00918298124455877,0.004821664837385683,0.006710015781013295,0.01446499451215705,0.05,,True
bf16_forced,47,attn,,0.004144951350622534,0.006951272268099824,0.010320257384826514,0.003997702796529656,0.006573544687978645,0.011993108389588968,0.05,,True
bf16_forced,47,moe,,0.00547663826694507,0.0072570541843671454,0.009354619773687177,0.004886656036900183,0.0065661341797535145,0.014659968110700548,0.05,,True
bf16_forced,48,attn,,0.005351582532795089,0.009304151406084095,0.01657027308119034,0.005193067435208743,0.009189185033553801,0.01557920230562623,0.05,,True
bf16_forced,48,moe,,0.005391122155956073,0.008304636061149872,0.012322172456134402,0.004879253688927493,0.007803070141874901,0.01463776106678248,0.05,,True
bf16_forced,49,attn,,0.0056846122936825925,0.014528752589218215,0.030760569929005034,0.005390417875730623,0.01245951146119717,0.01617125362719187,0.05,,True
bf16_forced,49,moe,,0.005625125198322282,0.011230758877324373,0.023548612201096535,0.005057013331460742,0.010232008253686992,0.015171039994382225,0.05,,True
t9_bf16_forced,0,attn,0-2048,0.0028321336755034125,0.003501539650630048,0.004010019547466466,0.0028422362857403,0.0035361052806078684,0.0085267088572209,0.05,,True
t9_bf16_forced,0,moe,0-2048,0.0034782885930127313,0.005381903629854474,0.006197515615091766,0.003502211736841551,0.005354062445763834,0.010506635210524654,0.05,,True
t9_bf16_forced,0,attn,2048-8192,0.002846669278413965,0.003554888478850854,0.0042225561984813986,0.0028422362857403,0.0035361052806078684,0.0085267088572209,0.05,,True
t9_bf16_forced,0,moe,2048-8192,0.0036054145128033045,0.005654091885280171,0.007729656176141174,0.003502211736841551,0.005354062445763834,0.010506635210524654,0.05,,True
t9_bf16_forced,0,attn,8192-16384,0.0028433413118469746,0.003547266201624358,0.004197963067946747,0.0028422362857403,0.0035361052806078684,0.0085267088572209,0.05,,True
t9_bf16_forced,0,moe,8192-16384,0.003647316341149465,0.005648719017512623,0.007113786074044626,0.003502211736841551,0.005354062445763834,0.010506635210524654,0.05,,True
t9_bf16_forced,1,attn,0-2048,0.003094352027367034,0.004739557821934397,0.005554851025064971,0.0030585040304022763,0.0048220034637093175,0.009175512091206829,0.05,,True
t9_bf16_forced,1,moe,0-2048,0.0027043643086718493,0.006184914519246912,0.007860013883486281,0.0027698028184365117,0.00654837580784952,0.008309408455309536,0.05,,True
t9_bf16_forced,1,attn,2048-8192,0.003161198281616295,0.0049750039747066335,0.009169241963551142,0.0030585040304022763,0.0048220034637093175,0.009175512091206829,0.05,,True
t9_bf16_forced,1,moe,2048-8192,0.0028366484285432068,0.006800782754437524,0.010075950722562996,0.0027698028184365117,0.00654837580784952,0.008309408455309536,0.05,,True
t9_bf16_forced,1,attn,8192-16384,0.003185532626221836,0.0049984715670932075,0.007198513083626548,0.0030585040304022763,0.0048220034637093175,0.009175512091206829,0.05,,True
t9_bf16_forced,1,moe,8192-16384,0.0028905636135460712,0.0068244330776286435,0.010948380695636441,0.0027698028184365117,0.00654837580784952,0.008309408455309536,0.05,,True
t9_bf16_forced,2,attn,0-2048,0.003025509826557439,0.0062914179868133815,0.0076601634994759304,0.003053941233894021,0.0062281253973872144,0.009161823701682063,0.05,,True
t9_bf16_forced,2,moe,0-2048,0.0038320619832351716,0.008874389553255476,0.01593434346643685,0.0036514804232864644,0.008665295914195884,0.010954441269859394,0.05,,True
t9_bf16_forced,2,attn,2048-8192,0.0031087144127163982,0.006369042751977668,0.009065732404829371,0.003053941233894021,0.0062281253973872144,0.009161823701682063,0.05,,True
t9_bf16_forced,2,moe,2048-8192,0.003818006206574294,0.009004620069067906,0.015981389625896715,0.0036514804232864644,0.008665295914195884,0.010954441269859394,0.05,,True
t9_bf16_forced,2,attn,8192-16384,0.0031164767873561663,0.0063649705868867685,0.008602895940125813,0.003053941233894021,0.0062281253973872144,0.009161823701682063,0.05,,True
t9_bf16_forced,2,moe,8192-16384,0.003797789051386142,0.008680587691082226,0.013130861336777485,0.0036514804232864644,0.008665295914195884,0.010954441269859394,0.05,,True
t9_bf16_forced,3,attn,0-2048,0.0033641431006570183,0.006865147238791615,0.009940891537632059,0.003363660426861823,0.006780930460513086,0.010090981280585469,0.05,,True
t9_bf16_forced,3,moe,0-2048,0.003953833557358663,0.0122936791656287,0.025160182073416824,0.0037283736077327553,0.011520298090676053,0.011185120823198266,0.05,,True
t9_bf16_forced,3,attn,2048-8192,0.003497398745855747,0.007104599845307765,0.009801510616407175,0.003363660426861823,0.006780930460513086,0.010090981280585469,0.05,,True
t9_bf16_forced,3,moe,2048-8192,0.004007589540578474,0.012135697432207836,0.020251098303622945,0.0037283736077327553,0.011520298090676053,0.011185120823198266,0.05,,True
t9_bf16_forced,3,attn,8192-16384,0.003565530170996237,0.007130084480694435,0.010388362292693493,0.003363660426861823,0.006780930460513086,0.010090981280585469,0.05,,True
t9_bf16_forced,3,moe,8192-16384,0.003960590438763894,0.011651429173227118,0.021499409881759864,0.0037283736077327553,0.011520298090676053,0.011185120823198266,0.05,,True
t9_bf16_forced,4,attn,0-2048,0.0033723449427878497,0.00880961477050491,0.012711436754114973,0.003061264428271069,0.008138685062779004,0.009183793284813207,0.05,,True
t9_bf16_forced,4,moe,0-2048,0.003146768124270497,0.010839075757929719,0.015238258277403043,0.0029460466041650937,0.010227288786161888,0.008838139812495281,0.05,,True
t9_bf16_forced,4,attn,2048-8192,0.003595798838074927,0.009026818758942843,0.016392994703111785,0.003061264428271069,0.008138685062779004,0.009183793284813207,0.05,,True
t9_bf16_forced,4,moe,2048-8192,0.0031244736502717913,0.010603061332186987,0.018609580869781782,0.0029460466041650937,0.010227288786161888,0.008838139812495281,0.05,,True
t9_bf16_forced,4,attn,8192-16384,0.003499028873617539,0.00881241898044891,0.0134406180801956,0.003061264428271069,0.008138685062779004,0.009183793284813207,0.05,,True
t9_bf16_forced,4,moe,8192-16384,0.0032343882013901705,0.011152759549423692,0.022217241648995273,0.0029460466041650937,0.010227288786161888,0.008838139812495281,0.05,,True
t9_bf16_forced,5,attn,0-2048,0.002707421011414604,0.008970299583824781,0.012406780317431048,0.0026387230448479426,0.008646399663895564,0.007916169134543828,0.05,,True
t9_bf16_forced,5,moe,0-2048,0.004642996601171304,0.012810596598168958,0.021399197089844967,0.004482758333256911,0.014137931142260139,0.013448274999770731,0.05,,True
t9_bf16_forced,5,attn,2048-8192,0.0027008378553158075,0.00894729877919892,0.01302275248196593,0.0026387230448479426,0.008646399663895564,0.007916169134543828,0.05,,True
t9_bf16_forced,5,moe,2048-8192,0.004687979886497081,0.013952723660430093,0.029730906488452384,0.004482758333256911,0.014137931142260139,0.013448274999770731,0.05,,True
t9_bf16_forced,5,attn,8192-16384,0.0028569895931002936,0.009391717595651983,0.01484848669342318,0.0026387230448479426,0.008646399663895564,0.007916169134543828,0.05,,True
t9_bf16_forced,5,moe,8192-16384,0.004560650199455117,0.01340522609421818,0.028384704120211903,0.004482758333256911,0.014137931142260139,0.013448274999770731,0.05,,True
t9_bf16_forced,6,attn,0-2048,0.003418752093082106,0.008941181253493838,0.01961760834026623,0.003382410783155191,0.008437513279991862,0.010147232349465574,0.05,,True
t9_bf16_forced,6,moe,0-2048,0.0046537222110437405,0.017166596631388406,0.02461450600383391,0.004490197304365617,0.014903353977306587,0.013470591913096852,0.05,,True
t9_bf16_forced,6,attn,2048-8192,0.003477099063149894,0.008919939613059317,0.02963781342883716,0.003382410783155191,0.008437513279991862,0.010147232349465574,0.05,,True
t9_bf16_forced,6,moe,2048-8192,0.004795059047857745,0.01652515129812678,0.042996719184939705,0.004490197304365617,0.014903353977306587,0.013470591913096852,0.05,,True
t9_bf16_forced,6,attn,8192-16384,0.0035792342932665427,0.008797383796280919,0.03372210617673264,0.003382410783155191,0.008437513279991862,0.010147232349465574,0.05,,True
t9_bf16_forced,6,moe,8192-16384,0.0048368556232628035,0.015259402632516189,0.05002956427184041,0.004490197304365617,0.014903353977306587,0.013470591913096852,0.05,,True
t9_bf16_forced,7,attn,0-2048,0.004600777183793417,0.009851330618888007,0.012112906093959578,0.004383201622386608,0.009010997101645539,0.013149604867159825,0.05,,True
t9_bf16_forced,7,moe,0-2048,0.005839316705029216,0.019439746255210423,0.03135510449908754,0.0053316763318779214,0.017197817161498145,0.015995028995633764,0.051593451484494436,,True
t9_bf16_forced,7,attn,2048-8192,0.004566634856920207,0.009591224796474918,0.032357436881988895,0.004383201622386608,0.009010997101645539,0.013149604867159825,0.05,,True
t9_bf16_forced,7,moe,2048-8192,0.005865981506775366,0.018520475542564276,0.03356326874834475,0.0053316763318779214,0.017197817161498145,0.015995028995633764,0.051593451484494436,,True
t9_bf16_forced,7,attn,8192-16384,0.004613294749201197,0.010005157957927205,0.0247427620456304,0.004383201622386608,0.009010997101645539,0.013149604867159825,0.05,,True
t9_bf16_forced,7,moe,8192-16384,0.0058371007515114455,0.018502131307478895,0.03776341869371931,0.0053316763318779214,0.017197817161498145,0.015995028995633764,0.051593451484494436,,True
t9_bf16_forced,8,attn,0-2048,0.00433868358878765,0.009448865700208335,0.01997648682847891,0.0043983878059142435,0.009092480920533627,0.01319516341774273,0.05,,True
t9_bf16_forced,8,moe,0-2048,0.005896098242608741,0.01838803841282107,0.03762846224187103,0.00531389919941439,0.01501688679624997,0.015941697598243168,0.05,,True
t9_bf16_forced,8,attn,2048-8192,0.0045726380678201214,0.00930444855474152,0.02783027972051144,0.0043983878059142435,0.009092480920533627,0.01319516341774273,0.05,,True
t9_bf16_forced,8,moe,2048-8192,0.005621085255860289,0.01554064722324195,0.045385732458917284,0.00531389919941439,0.01501688679624997,0.015941697598243168,0.05,,True
t9_bf16_forced,8,attn,8192-16384,0.0044736324645794955,0.00912539774671798,0.03640717359666894,0.0043983878059142435,0.009092480920533627,0.01319516341774273,0.05,,True
t9_bf16_forced,8,moe,8192-16384,0.005747527496001506,0.015620803884960757,0.049248369438578854,0.00531389919941439,0.01501688679624997,0.015941697598243168,0.05,,True
t9_bf16_forced,9,attn,0-2048,0.004587636153535805,0.006809524912104594,0.008444059210228047,0.004331415357140985,0.006382004025662244,0.012994246071422955,0.05,,True
t9_bf16_forced,9,moe,0-2048,0.004453384449809849,0.007362742184963252,0.009656929150957139,0.004244725681542797,0.00703675385632222,0.012734177044628392,0.05,,True
t9_bf16_forced,9,attn,2048-8192,0.004315262599778533,0.006251340433919224,0.012720754084474144,0.004331415357140985,0.006382004025662244,0.012994246071422955,0.05,,True
t9_bf16_forced,9,moe,2048-8192,0.004499135719765586,0.007271283129294901,0.009260684753082676,0.004244725681542797,0.00703675385632222,0.012734177044628392,0.05,,True
t9_bf16_forced,9,attn,8192-16384,0.004354473567020834,0.006174826684659706,0.008304489592348373,0.004331415357140985,0.006382004025662244,0.012994246071422955,0.05,,True
t9_bf16_forced,9,moe,8192-16384,0.004521533283725718,0.007396520100284236,0.010026369241773234,0.004244725681542797,0.00703675385632222,0.012734177044628392,0.05,,True
t9_bf16_forced,10,attn,0-2048,0.004483631324079102,0.006757587452420582,0.007756579403696108,0.004489154140078029,0.0066019113564625845,0.013467462420234087,0.05,,True
t9_bf16_forced,10,moe,0-2048,0.003775103989802187,0.008316414759094014,0.009962450940149425,0.003789067523581707,0.0078924326391787,0.011367202570745121,0.05,,True
t9_bf16_forced,10,attn,2048-8192,0.004734258637923563,0.006775618895312205,0.010086946101673102,0.004489154140078029,0.0066019113564625845,0.013467462420234087,0.05,,True
t9_bf16_forced,10,moe,2048-8192,0.004026433249703358,0.007955317561239978,0.010365924285822125,0.003789067523581707,0.0078924326391787,0.011367202570745121,0.05,,True
t9_bf16_forced,10,attn,8192-16384,0.004722764239802203,0.006865113828614512,0.016409382856548933,0.004489154140078029,0.0066019113564625845,0.013467462420234087,0.05,,True
t9_bf16_forced,10,moe,8192-16384,0.00411224549183269,0.00791803890854055,0.012894096359359123,0.003789067523581707,0.0078924326391787,0.011367202570745121,0.05,,True
t9_bf16_forced,11,attn,0-2048,0.003952298012657849,0.007289465330249525,0.014877319273225408,0.004135989121319206,0.007464182196691303,0.012407967363957618,0.05,,True
t9_bf16_forced,11,moe,0-2048,0.003176060457200653,0.007085474023420543,0.009235262288564982,0.0032828996806240625,0.006852953176329627,0.009848699041872187,0.05,,True
t9_bf16_forced,11,attn,2048-8192,0.004299849112472859,0.007844841442307807,0.013003345509398391,0.004135989121319206,0.007464182196691303,0.012407967363957618,0.05,,True
t9_bf16_forced,11,moe,2048-8192,0.003412170568688349,0.006940129358758624,0.01031595306216965,0.0032828996806240625,0.006852953176329627,0.009848699041872187,0.05,,True
t9_bf16_forced,11,attn,8192-16384,0.004348548175956176,0.008041198532056204,0.01385583077169103,0.004135989121319206,0.007464182196691303,0.012407967363957618,0.05,,True
t9_bf16_forced,11,moe,8192-16384,0.003337347746698251,0.006812842764906843,0.008855213194475575,0.0032828996806240625,0.006852953176329627,0.009848699041872187,0.05,,True
t9_bf16_forced,12,attn,0-2048,0.0031495146606710257,0.006809020570631745,0.010187556929332785,0.003166814609597713,0.0071112910658710365,0.009500443828793139,0.05,,True
t9_bf16_forced,12,moe,0-2048,0.0038519472739984954,0.00806767932711028,0.010937866986811087,0.0037748691689827914,0.007815181881030303,0.011324607506948374,0.05,,True
t9_bf16_forced,12,attn,2048-8192,0.0032657053809093074,0.007326595791369863,0.01260364838160989,0.003166814609597713,0.0071112910658710365,0.009500443828793139,0.05,,True
t9_bf16_forced,12,moe,2048-8192,0.00397677002687263,0.008004307861857086,0.020431584157392668,0.0037748691689827914,0.007815181881030303,0.011324607506948374,0.05,,True
t9_bf16_forced,12,attn,8192-16384,0.0032603729427934593,0.00730849199611525,0.010263742658600635,0.003166814609597713,0.0071112910658710365,0.009500443828793139,0.05,,True
t9_bf16_forced,12,moe,8192-16384,0.004094999475252872,0.008208675152857847,0.01681831956880611,0.0037748691689827914,0.007815181881030303,0.011324607506948374,0.05,,True
t9_bf16_forced,13,attn,0-2048,0.0043646833487798985,0.008856756137654548,0.012033268358645337,0.004067574621858127,0.008434528237163163,0.01220272386557438,0.05,,True
t9_bf16_forced,13,moe,0-2048,0.004722514827081843,0.014135884070374024,0.07627065942274235,0.004224331190713863,0.011830156878466216,0.012672993572141588,0.05,,True
t9_bf16_forced,13,attn,2048-8192,0.004282548586743743,0.00885533237704031,0.014318348271127199,0.004067574621858127,0.008434528237163163,0.01220272386557438,0.05,,True
t9_bf16_forced,13,moe,2048-8192,0.004432472663102779,0.012602577385370342,0.030442349183157198,0.004224331190713863,0.011830156878466216,0.012672993572141588,0.05,,True
t9_bf16_forced,13,attn,8192-16384,0.004300108988461584,0.009200379578613542,0.01216040896769171,0.004067574621858127,0.008434528237163163,0.01220272386557438,0.05,,True
t9_bf16_forced,13,moe,8192-16384,0.004367079309816826,0.012520732783427862,0.037424976745095165,0.004224331190713863,0.011830156878466216,0.012672993572141588,0.05,,True
t9_bf16_forced,14,attn,0-2048,0.005265574498635757,0.008417920111392366,0.014642586766881521,0.0046192458774397364,0.007822898148520897,0.01385773763231921,0.05,,True
t9_bf16_forced,14,moe,0-2048,0.005478561964638013,0.009255506664160435,0.02396883016733743,0.0049979030625107775,0.008062965954050205,0.014993709187532333,0.05,,True
t9_bf16_forced,14,attn,2048-8192,0.004885239530598553,0.007919137943672357,0.010578514474377168,0.0046192458774397364,0.007822898148520897,0.01385773763231921,0.05,,True
t9_bf16_forced,14,moe,2048-8192,0.005402340198816437,0.009090115869213853,0.031246262895999806,0.0049979030625107775,0.008062965954050205,0.014993709187532333,0.05,,True
t9_bf16_forced,14,attn,8192-16384,0.004809915958922058,0.008178925710374107,0.01656615888266431,0.0046192458774397364,0.007822898148520897,0.01385773763231921,0.05,,True
t9_bf16_forced,14,moe,8192-16384,0.005408462248808322,0.009092446187428509,0.03409726018106669,0.0049979030625107775,0.008062965954050205,0.014993709187532333,0.05,,True
t9_bf16_forced,15,attn,0-2048,0.004762538532147524,0.010724313120080637,0.01630871908889828,0.00519621738271645,0.011942267777071587,0.01558865214814935,0.05,,True
t9_bf16_forced,15,moe,0-2048,0.006264338436507089,0.022336648508356777,0.03595900656616123,0.005415370691491807,0.018441459570249938,0.01624611207447542,0.055324378710749814,,True
t9_bf16_forced,15,attn,2048-8192,0.00531216980767588,0.011645621168937755,0.025487271235866124,0.00519621738271645,0.011942267777071587,0.01558865214814935,0.05,,True
t9_bf16_forced,15,moe,2048-8192,0.005718775331945714,0.02048659117480833,0.045367828214297606,0.005415370691491807,0.018441459570249938,0.01624611207447542,0.055324378710749814,,True
t9_bf16_forced,15,attn,8192-16384,0.005620720117848993,0.012069826989315462,0.024442533096595363,0.00519621738271645,0.011942267777071587,0.01558865214814935,0.05,,True
t9_bf16_forced,15,moe,8192-16384,0.005636443504732417,0.019371686497388258,0.04115109867499522,0.005415370691491807,0.018441459570249938,0.01624611207447542,0.055324378710749814,,True
t9_bf16_forced,16,attn,0-2048,0.004437815230290611,0.010472297378131202,0.012647004480762947,0.004359232929449205,0.009915806159334784,0.013077698788347615,0.05,,True
t9_bf16_forced,16,moe,0-2048,0.0044605843388337875,0.01499602489662147,0.02427231790391731,0.00406950035772929,0.013539077966062595,0.012208501073187869,0.05,,True
t9_bf16_forced,16,attn,2048-8192,0.004557273538668576,0.010497878199563992,0.017419296033694406,0.004359232929449205,0.009915806159334784,0.013077698788347615,0.05,,True
t9_bf16_forced,16,moe,2048-8192,0.0042800725353407156,0.013914405269852678,0.024764394145583953,0.00406950035772929,0.013539077966062595,0.012208501073187869,0.05,,True
t9_bf16_forced,16,attn,8192-16384,0.004515935811370863,0.010156925484652154,0.015749865936919672,0.004359232929449205,0.009915806159334784,0.013077698788347615,0.05,,True
t9_bf16_forced,16,moe,8192-16384,0.004397367199047328,0.014768398033783754,0.030584359473933617,0.00406950035772929,0.013539077966062595,0.012208501073187869,0.05,,True
t9_bf16_forced,17,attn,0-2048,0.004671461411042464,0.010444088316065915,0.014137936128269968,0.0043438209459817165,0.009179172412038056,0.01303146283794515,0.05,,True
t9_bf16_forced,17,moe,0-2048,0.0058079027100426985,0.010931867833151723,0.015989601875625793,0.005131478170062575,0.009238385305277671,0.015394434510187726,0.05,,True
t9_bf16_forced,17,attn,2048-8192,0.004370021648683173,0.009785351840909293,0.014922901646595963,0.0043438209459817165,0.009179172412038056,0.01303146283794515,0.05,,True
t9_bf16_forced,17,moe,2048-8192,0.0056994375133475016,0.010683015896193637,0.015808940404849176,0.005131478170062575,0.009238385305277671,0.015394434510187726,0.05,,True
t9_bf16_forced,17,attn,8192-16384,0.004440872774268051,0.009711840751005452,0.014287579626041637,0.0043438209459817165,0.009179172412038056,0.01303146283794515,0.05,,True
t9_bf16_forced,17,moe,8192-16384,0.005733215683592721,0.010491238894810342,0.01761084110559155,0.005131478170062575,0.009238385305277671,0.015394434510187726,0.05,,True
t9_bf16_forced,18,attn,0-2048,0.005871996664141251,0.01090813253866214,0.01686602624518806,0.005690610151968418,0.011473824608492719,0.017071830455905254,0.05,,True
t9_bf16_forced,18,moe,0-2048,0.0049414900276920325,0.017995048497738312,0.028008458253041997,0.00438609890566043,0.014029607264806294,0.01315829671698129,0.05,,True
t9_bf16_forced,18,attn,2048-8192,0.005804365027317357,0.011615978036008587,0.015797744647031525,0.005690610151968418,0.011473824608492719,0.017071830455905254,0.05,,True
t9_bf16_forced,18,moe,2048-8192,0.0047065710580087294,0.015073088141185517,0.02747648655019006,0.00438609890566043,0.014029607264806294,0.01315829671698129,0.05,,True
t9_bf16_forced,18,attn,8192-16384,0.005739654175146578,0.011556055118777686,0.018114927130204187,0.005690610151968418,0.011473824608492719,0.017071830455905254,0.05,,True
t9_bf16_forced,18,moe,8192-16384,0.004472861300335853,0.014364567004598776,0.05462151001525537,0.00438609890566043,0.014029607264806294,0.01315829671698129,0.05,,True
t9_bf16_forced,19,attn,0-2048,0.006760551406263753,0.009651612227794057,0.01136337809204721,0.005780460139693888,0.008549901766355781,0.01734138041908166,0.05,,True
t9_bf16_forced,19,moe,0-2048,0.00692968026749587,0.017879666184718063,0.029783902541447634,0.005675463934341637,0.013490038844792853,0.017026391803024912,0.05,,True
t9_bf16_forced,19,attn,2048-8192,0.006215818908381115,0.008744873552354631,0.011156347097613446,0.005780460139693888,0.008549901766355781,0.01734138041908166,0.05,,True
t9_bf16_forced,19,moe,2048-8192,0.006254845209652653,0.015064192122225803,0.025522122084816887,0.005675463934341637,0.013490038844792853,0.017026391803024912,0.05,,True
t9_bf16_forced,19,attn,8192-16384,0.00640036946015618,0.009057778967807757,0.01161772843689053,0.005780460139693888,0.008549901766355781,0.01734138041908166,0.05,,True
t9_bf16_forced,19,moe,8192-16384,0.006062212764638506,0.014011641723976898,0.02358322917253357,0.005675463934341637,0.013490038844792853,0.017026391803024912,0.05,,True
t9_bf16_forced,20,attn,0-2048,0.005577521703444091,0.008434022178972028,0.010956460260511374,0.005320804742360279,0.008124789347078642,0.015962414227080838,0.05,,True
t9_bf16_forced,20,moe,0-2048,0.0067339449255412725,0.010151724267807305,0.013081221510923991,0.005902808217703693,0.008820799959887025,0.01770842465311108,0.05,,True
t9_bf16_forced,20,attn,2048-8192,0.005603890037066584,0.0084708130970343,0.010735639044827064,0.005320804742360279,0.008124789347078642,0.015962414227080838,0.05,,True
t9_bf16_forced,20,moe,2048-8192,0.006688389919331751,0.010571924172132045,0.01641471501508905,0.005902808217703693,0.008820799959887025,0.01770842465311108,0.05,,True
t9_bf16_forced,20,attn,8192-16384,0.00564128630952492,0.008522339476196402,0.012900439976008725,0.005320804742360279,0.008124789347078642,0.015962414227080838,0.05,,True
t9_bf16_forced,20,moe,8192-16384,0.006568482557926095,0.009976437586742234,0.01400433268373553,0.005902808217703693,0.008820799959887025,0.01770842465311108,0.05,,True
t9_bf16_forced,21,attn,0-2048,0.0058614413361667336,0.00751775817587731,0.008528861572571546,0.0055003362468007185,0.007058736294125739,0.016501008740402154,0.05,,True
t9_bf16_forced,21,moe,0-2048,0.0063287312597000035,0.01347947581682202,0.01979486513022895,0.005523294284036227,0.01080835857088878,0.01656988285210868,0.05,,True
t9_bf16_forced,21,attn,2048-8192,0.005657743779916732,0.007272379799390263,0.009013186096325253,0.0055003362468007185,0.007058736294125739,0.016501008740402154,0.05,,True
t9_bf16_forced,21,moe,2048-8192,0.006278833800092317,0.014024769123497153,0.022207342723066965,0.005523294284036227,0.01080835857088878,0.01656988285210868,0.05,,True
t9_bf16_forced,21,attn,8192-16384,0.005677295229433261,0.0071763336977592514,0.008562017674155369,0.0055003362468007185,0.007058736294125739,0.016501008740402154,0.05,,True
t9_bf16_forced,21,moe,8192-16384,0.006305321755820676,0.012883453361188178,0.01945915126570047,0.005523294284036227,0.01080835857088878,0.01656988285210868,0.05,,True
t9_bf16_forced,22,attn,0-2048,0.006606435112065491,0.010382530432394127,0.013693392356043473,0.006040965312823479,0.00951067792414368,0.018122895938470437,0.05,,True
t9_bf16_forced,22,moe,0-2048,0.006819692711218297,0.010622721353981252,0.01347252249637905,0.00590632478812478,0.008860767270496589,0.01771897436437434,0.05,,True
t9_bf16_forced,22,attn,2048-8192,0.006597685945227058,0.00988271730455357,0.01427195986620298,0.006040965312823479,0.00951067792414368,0.018122895938470437,0.05,,True
t9_bf16_forced,22,moe,2048-8192,0.006699858162731973,0.010673302726920441,0.013904378097364296,0.00590632478812478,0.008860767270496589,0.01771897436437434,0.05,,True
t9_bf16_forced,22,attn,8192-16384,0.006540480851004895,0.00990447778962586,0.015533856484585305,0.006040965312823479,0.00951067792414368,0.018122895938470437,0.05,,True
t9_bf16_forced,22,moe,8192-16384,0.006608750695713565,0.01042673463133524,0.013786864806536337,0.00590632478812478,0.008860767270496589,0.01771897436437434,0.05,,True
t9_bf16_forced,23,attn,0-2048,0.005995935147424627,0.0079371806876088,0.009887394017180019,0.005630156473935197,0.007685139126187846,0.016890469421805592,0.05,,True
t9_bf16_forced,23,moe,0-2048,0.005341528223588485,0.011822068947292385,0.016566070966445995,0.004698069089200082,0.009891667492699398,0.014094207267600247,0.05,,True
t9_bf16_forced,23,attn,2048-8192,0.0057929037390789554,0.00807625078486226,0.01078740578592008,0.005630156473935197,0.007685139126187846,0.016890469421805592,0.05,,True
t9_bf16_forced,23,moe,2048-8192,0.005248322652109897,0.011841601682341434,0.01635000813083048,0.004698069089200082,0.009891667492699398,0.014094207267600247,0.05,,True
t9_bf16_forced,23,attn,8192-16384,0.00575198907075457,0.007903780213515836,0.009916575714493805,0.005630156473935197,0.007685139126187846,0.016890469421805592,0.05,,True
t9_bf16_forced,23,moe,8192-16384,0.0052679751823755516,0.011162602210516516,0.01584833743470279,0.004698069089200082,0.009891667492699398,0.014094207267600247,0.05,,True
t9_bf16_forced,24,attn,0-2048,0.0074515251140938425,0.011265517143776878,0.014876219072957953,0.006250986089903749,0.009856787655513979,0.018752958269711247,0.05,,True
t9_bf16_forced,24,moe,0-2048,0.008012332615357177,0.017631879148259155,0.022646212364476486,0.0065152785876308,0.013077885813285095,0.0195458357628924,0.05,,True
t9_bf16_forced,24,attn,2048-8192,0.006646240719754835,0.01043368146721475,0.014451759435172701,0.006250986089903749,0.009856787655513979,0.018752958269711247,0.05,,True
t9_bf16_forced,24,moe,2048-8192,0.007287148146586183,0.0156359241436707,0.022235538899424746,0.0065152785876308,0.013077885813285095,0.0195458357628924,0.05,,True
t9_bf16_forced,24,attn,8192-16384,0.0068623742439998005,0.010760921566678733,0.016281469668459843,0.006250986089903749,0.009856787655513979,0.018752958269711247,0.05,,True
t9_bf16_forced,24,moe,8192-16384,0.007329426356485579,0.015728989435229275,0.026770750551647703,0.0065152785876308,0.013077885813285095,0.0195458357628924,0.05,,True
t9_bf16_forced,25,attn,0-2048,0.005883305071550609,0.010188372421598566,0.013421101270499098,0.005538862398076367,0.009357274972388079,0.0166165871942291,0.05,,True
t9_bf16_forced,25,moe,0-2048,0.0052450212888169164,0.01786169489618774,0.029790495778372433,0.004552381818967121,0.014696353661678842,0.013657145456901363,0.05,,True
t9_bf16_forced,25,attn,2048-8192,0.005836624639565173,0.010012988253084231,0.012582351052935177,0.005538862398076367,0.009357274972388079,0.0166165871942291,0.05,,True
t9_bf16_forced,25,moe,2048-8192,0.005095628518497334,0.01770845948505522,0.0322812498115687,0.004552381818967121,0.014696353661678842,0.013657145456901363,0.05,,True
t9_bf16_forced,25,attn,8192-16384,0.005593493691815811,0.009712588501616439,0.014365723496163363,0.005538862398076367,0.009357274972388079,0.0166165871942291,0.05,,True
t9_bf16_forced,25,moe,8192-16384,0.005319197917682476,0.017981339767835735,0.03870366954769145,0.004552381818967121,0.014696353661678842,0.013657145456901363,0.05,,True
t9_bf16_forced,26,attn,0-2048,0.004832102548387013,0.010207927591631652,0.01488745637370023,0.004250471702921104,0.009053775351564174,0.012751415108763311,0.05,,True
t9_bf16_forced,26,moe,0-2048,0.006005809315819592,0.013192349549846454,0.017583537343113808,0.00525558807741908,0.011699443241646445,0.01576676423225724,0.05,,True
t9_bf16_forced,26,attn,2048-8192,0.004272660958625117,0.009641762858775826,0.014371607632724348,0.004250471702921104,0.009053775351564174,0.012751415108763311,0.05,,True
t9_bf16_forced,26,moe,2048-8192,0.005677820130236684,0.0127057315778867,0.02177996901637962,0.00525558807741908,0.011699443241646445,0.01576676423225724,0.05,,True
t9_bf16_forced,26,attn,8192-16384,0.004462015383888549,0.009594345788501428,0.019388103823378244,0.004250471702921104,0.009053775351564174,0.012751415108763311,0.05,,True
t9_bf16_forced,26,moe,8192-16384,0.005852517253142181,0.01261169919141121,0.021994453325744616,0.00525558807741908,0.011699443241646445,0.01576676423225724,0.05,,True
t9_bf16_forced,27,attn,0-2048,0.007249790686843749,0.011877560976388448,0.01745265656446842,0.006555541388191404,0.010399190730092472,0.019666624164574213,0.05,,True
t9_bf16_forced,27,moe,0-2048,0.0065874814188008985,0.012705133830090393,0.01825271666012979,0.005829414497820756,0.01160395078043214,0.017488243493462268,0.05,,True
t9_bf16_forced,27,attn,2048-8192,0.006728773944358312,0.011241658220652926,0.016351020452512254,0.006555541388191404,0.010399190730092472,0.019666624164574213,0.05,,True
t9_bf16_forced,27,moe,2048-8192,0.006446037178050413,0.012915414879577706,0.020365252160582097,0.005829414497820756,0.01160395078043214,0.017488243493462268,0.05,,True
t9_bf16_forced,27,attn,8192-16384,0.006723433947735762,0.010912738730810424,0.015299565733298002,0.006555541388191404,0.010399190730092472,0.019666624164574213,0.05,,True
t9_bf16_forced,27,moe,8192-16384,0.006501217981738492,0.013410776777543383,0.0239215765594721,0.005829414497820756,0.01160395078043214,0.017488243493462268,0.05,,True
t9_bf16_forced,28,attn,0-2048,0.006633919364354695,0.011113076783569409,0.01902854323027222,0.006017985637499179,0.009815445246287594,0.01805395691249754,0.05,,True
t9_bf16_forced,28,moe,0-2048,0.006322739978091366,0.020016877215117638,0.03422143451929761,0.005261037027031469,0.01520678282473957,0.015783111081094404,0.05,,True
t9_bf16_forced,28,attn,2048-8192,0.0065042202872385765,0.010835267155881331,0.015858983314991897,0.006017985637499179,0.009815445246287594,0.01805395691249754,0.05,,True
t9_bf16_forced,28,moe,2048-8192,0.00572718160020364,0.018270441008661615,0.02896216389154821,0.005261037027031469,0.01520678282473957,0.015783111081094404,0.05,,True
t9_bf16_forced,28,attn,8192-16384,0.006475442630485051,0.010724702831852376,0.020252136218385106,0.006017985637499179,0.009815445246287594,0.01805395691249754,0.05,,True
t9_bf16_forced,28,moe,8192-16384,0.005838729202724281,0.017183389666593617,0.03185237305397678,0.005261037027031469,0.01520678282473957,0.015783111081094404,0.05,,True
t9_bf16_forced,29,attn,0-2048,0.00766851032789207,0.012092103991073275,0.019049459340876155,0.006371838174816386,0.011360215107577816,0.019115514524449158,0.05,,True
t9_bf16_forced,29,moe,0-2048,0.007070347822897238,0.022136641118914075,0.0334320904742363,0.005825329030541296,0.017390225292792758,0.017475987091623887,0.05217067587837827,,True
t9_bf16_forced,29,attn,2048-8192,0.006581649321864792,0.011091007099414385,0.02039669661353352,0.006371838174816386,0.011360215107577816,0.019115514524449158,0.05,,True
t9_bf16_forced,29,moe,2048-8192,0.006363655712783699,0.021279504836979823,0.03580195059886462,0.005825329030541296,0.017390225292792758,0.017475987091623887,0.05217067587837827,,True
t9_bf16_forced,29,attn,8192-16384,0.0066036080834596085,0.011167500187594503,0.017146547350359823,0.006371838174816386,0.011360215107577816,0.019115514524449158,0.05,,True
t9_bf16_forced,29,moe,8192-16384,0.006784283618759714,0.021220792216011017,0.03269135146182793,0.005825329030541296,0.017390225292792758,0.017475987091623887,0.05217067587837827,,True
t9_bf16_forced,30,attn,0-2048,0.005243107661549602,0.0104546662406676,0.014662027380800878,0.004413416290042065,0.009430103611761014,0.013240248870126195,0.05,,True
t9_bf16_forced,30,moe,0-2048,0.007846508996449675,0.02246500817667144,0.03894359028902164,0.006732393758328181,0.0192499391846835,0.020197181274984544,0.057749817554050495,,True
t9_bf16_forced,30,attn,2048-8192,0.004515845172891395,0.010043640651977177,0.04321637655737341,0.004413416290042065,0.009430103611761014,0.013240248870126195,0.05,,True
t9_bf16_forced,30,moe,2048-8192,0.007517251891893069,0.02166820920054887,0.035088573954457414,0.006732393758328181,0.0192499391846835,0.020197181274984544,0.057749817554050495,,True
t9_bf16_forced,30,attn,8192-16384,0.004619322620143402,0.01011848592466008,0.03544539997156692,0.004413416290042065,0.009430103611761014,0.013240248870126195,0.05,,True
t9_bf16_forced,30,moe,8192-16384,0.0076591340393562385,0.02255790742819931,0.2686187029450119,0.006732393758328181,0.0192499391846835,0.020197181274984544,0.057749817554050495,,True
t9_bf16_forced,31,attn,0-2048,0.006211319118221934,0.00917521458259976,0.012737245303079325,0.005742053559981966,0.00874974276961268,0.017226160679945896,0.05,,True
t9_bf16_forced,31,moe,0-2048,0.010899886716846774,0.03595649746485725,0.04515872980880102,0.008574621110335287,0.02653404649573805,0.02572386333100586,0.07960213948721415,,True
t9_bf16_forced,31,attn,2048-8192,0.005962726212468467,0.009697074633107124,0.01725419981853823,0.005742053559981966,0.00874974276961268,0.017226160679945896,0.05,,True
t9_bf16_forced,31,moe,2048-8192,0.010752104678941807,0.03463251981070744,0.06341784866943687,0.008574621110335287,0.02653404649573805,0.02572386333100586,0.07960213948721415,,True
t9_bf16_forced,31,attn,8192-16384,0.0059650519677725885,0.00911246376198861,0.020919659709659255,0.005742053559981966,0.00874974276961268,0.017226160679945896,0.05,,True
t9_bf16_forced,31,moe,8192-16384,0.010837652851062345,0.03675554342774569,0.05346594006283152,0.008574621110335287,0.02653404649573805,0.02572386333100586,0.07960213948721415,,True
t9_bf16_forced,32,attn,0-2048,0.0065569602308911505,0.009479105273964611,0.011873269031280203,0.006129387550326238,0.008717673676351028,0.018388162650978715,0.05,,True
t9_bf16_forced,32,moe,0-2048,0.0062119664417535185,0.00931636744369778,0.011705408603509502,0.005533632846557446,0.007628981915502271,0.016600898539672337,0.05,,True
t9_bf16_forced,32,attn,2048-8192,0.00647877439323513,0.009346001486580735,0.011797146986691036,0.006129387550326238,0.008717673676351028,0.018388162650978715,0.05,,True
t9_bf16_forced,32,moe,2048-8192,0.006139220904106918,0.009067902430010471,0.012044845981483393,0.005533632846557446,0.007628981915502271,0.016600898539672337,0.05,,True
t9_bf16_forced,32,attn,8192-16384,0.006335060543578283,0.009206733070805164,0.012194285787130886,0.006129387550326238,0.008717673676351028,0.018388162650978715,0.05,,True
t9_bf16_forced,32,moe,8192-16384,0.006068703777434438,0.00877650131961347,0.01275034389935237,0.005533632846557446,0.007628981915502271,0.016600898539672337,0.05,,True
t9_bf16_forced,33,attn,0-2048,0.00840765804423568,0.01298807520539099,0.016009021805266983,0.00789023325135359,0.012287670490506913,0.023670699754060772,0.05,,True
t9_bf16_forced,33,moe,0-2048,0.006535251001712785,0.014576801089420858,0.020633683555752718,0.005649583194608536,0.011456448017209252,0.016948749583825605,0.05,,True
t9_bf16_forced,33,attn,2048-8192,0.008156398059821957,0.01245007795571223,0.015501200019738117,0.00789023325135359,0.012287670490506913,0.023670699754060772,0.05,,True
t9_bf16_forced,33,moe,2048-8192,0.006374800850355151,0.014920933318937483,0.05199059035419206,0.005649583194608536,0.011456448017209252,0.016948749583825605,0.05,,True
t9_bf16_forced,33,attn,8192-16384,0.007848185453772957,0.01176860452593115,0.0168247457002498,0.00789023325135359,0.012287670490506913,0.023670699754060772,0.05,,True
t9_bf16_forced,33,moe,8192-16384,0.006248022711541684,0.014599661812025044,0.041430390987704686,0.005649583194608536,0.011456448017209252,0.016948749583825605,0.05,,True
t9_bf16_forced,34,attn,0-2048,0.00636625876744943,0.009984759835665623,0.01187686335377042,0.0055345443218835656,0.008312016339214185,0.0166036329656507,0.05,,True
t9_bf16_forced,34,moe,0-2048,0.0053912977299290146,0.007556052806188273,0.009487485690551268,0.00490914578689918,0.006893621159483617,0.014727437360697539,0.05,,True
t9_bf16_forced,34,attn,2048-8192,0.005948722940168339,0.00878166273590975,0.011389069842415219,0.0055345443218835656,0.008312016339214185,0.0166036329656507,0.05,,True
t9_bf16_forced,34,moe,2048-8192,0.005474188071735239,0.007619914702198237,0.01001985143197338,0.00490914578689918,0.006893621159483617,0.014727437360697539,0.05,,True
t9_bf16_forced,34,attn,8192-16384,0.005588260643924632,0.008727267407070683,0.013438911775771549,0.0055345443218835656,0.008312016339214185,0.0166036329656507,0.05,,True
t9_bf16_forced,34,moe,8192-16384,0.00538373200089102,0.007628241162925945,0.008813159474006751,0.00490914578689918,0.006893621159483617,0.014727437360697539,0.05,,True
t9_bf16_forced,35,attn,0-2048,0.005805522522544592,0.00852357242349624,0.011985637782679994,0.0055884057513223085,0.007878220074583235,0.016765217253966926,0.05,,True
t9_bf16_forced,35,moe,0-2048,0.007320453918783675,0.020608898142513928,0.027255524103623165,0.006327513127687994,0.01648043793826863,0.018982539383063983,0.05,,True
t9_bf16_forced,35,attn,2048-8192,0.0058699998418599835,0.008361319273175684,0.01105558415987889,0.0055884057513223085,0.007878220074583235,0.016765217253966926,0.05,,True
t9_bf16_forced,35,moe,2048-8192,0.007444820833225046,0.02034371107783982,0.030393848670608983,0.006327513127687994,0.01648043793826863,0.018982539383063983,0.05,,True
t9_bf16_forced,35,attn,8192-16384,0.005428209266602207,0.008126604457990688,0.01092735476176703,0.0055884057513223085,0.007878220074583235,0.016765217253966926,0.05,,True
t9_bf16_forced,35,moe,8192-16384,0.007458242193589126,0.020883937757121388,0.07984988421716699,0.006327513127687994,0.01648043793826863,0.018982539383063983,0.05,,True
t9_bf16_forced,36,attn,0-2048,0.006631363717153495,0.010282737966763456,0.012625394201375352,0.0061329405815236954,0.009954939767784247,0.018398821744571088,0.05,,True
t9_bf16_forced,36,moe,0-2048,0.007074655869863509,0.016558816298301787,0.022450064313753664,0.006217526812468815,0.013502460856862419,0.018652580437406443,0.05,,True
t9_bf16_forced,36,attn,2048-8192,0.006361660029950341,0.010535433295858296,0.013829623239322478,0.0061329405815236954,0.009954939767784247,0.018398821744571088,0.05,,True
t9_bf16_forced,36,moe,2048-8192,0.0069690320718797496,0.015695009698684034,0.032609316424759546,0.006217526812468815,0.013502460856862419,0.018652580437406443,0.05,,True
t9_bf16_forced,36,attn,8192-16384,0.005866677354845137,0.009567119774816432,0.01223832427050912,0.0061329405815236954,0.009954939767784247,0.018398821744571088,0.05,,True
t9_bf16_forced,36,moe,8192-16384,0.006939411503687095,0.01568901739908929,0.025772676772176335,0.006217526812468815,0.013502460856862419,0.018652580437406443,0.05,,True
t9_bf16_forced,37,attn,0-2048,0.006097460525737864,0.009271539586876362,0.011600123188062687,0.005625156814753009,0.008665053862390578,0.01687547044425903,0.05,,True
t9_bf16_forced,37,moe,0-2048,0.004928501746024631,0.006872645030182158,0.008923540171653182,0.004608717776206313,0.0065742451295752674,0.013826153328618938,0.05,,True
t9_bf16_forced,37,attn,2048-8192,0.005880907117936467,0.00911764817479056,0.012340054929700537,0.005625156814753009,0.008665053862390578,0.01687547044425903,0.05,,True
t9_bf16_forced,37,moe,2048-8192,0.00498729205716109,0.007161181470960767,0.008766784314668236,0.004608717776206313,0.0065742451295752674,0.013826153328618938,0.05,,True
t9_bf16_forced,37,attn,8192-16384,0.005601111406163435,0.008403898460790746,0.011451139815668875,0.005625156814753009,0.008665053862390578,0.01687547044425903,0.05,,True
t9_bf16_forced,37,moe,8192-16384,0.004890293516262944,0.007059721590592676,0.008636095024416247,0.004608717776206313,0.0065742451295752674,0.013826153328618938,0.05,,True
t9_bf16_forced,38,attn,0-2048,0.007515105461151576,0.01194785723171813,0.015025345267376443,0.006806889477440478,0.010803173242154209,0.02042066843232143,0.05,,True
t9_bf16_forced,38,moe,0-2048,0.006180754460445706,0.014913168545256181,0.024981395816273018,0.0054647218487498365,0.012038570876354604,0.01639416554624951,0.05,,True
t9_bf16_forced,38,attn,2048-8192,0.00743378315700014,0.011673350173293297,0.015483314765131593,0.006806889477440478,0.010803173242154209,0.02042066843232143,0.05,,True
t9_bf16_forced,38,moe,2048-8192,0.006196548861389009,0.014748070789116018,0.02750454048887403,0.0054647218487498365,0.012038570876354604,0.01639416554624951,0.05,,True
t9_bf16_forced,38,attn,8192-16384,0.007149116192853139,0.011021679654961649,0.015057708850157088,0.006806889477440478,0.010803173242154209,0.02042066843232143,0.05,,True
t9_bf16_forced,38,moe,8192-16384,0.006269986375714774,0.014765855534503627,0.031156006810011235,0.0054647218487498365,0.012038570876354604,0.01639416554624951,0.05,,True
t9_bf16_forced,39,attn,0-2048,0.007885339193816124,0.011347695549589542,0.014713609928734241,0.006642830160660375,0.009619851123071989,0.019928490481981125,0.05,,True
t9_bf16_forced,39,moe,0-2048,0.005982768234211053,0.010372242513170855,0.014186309103517451,0.005643274172617981,0.00882176894188102,0.016929822517853944,0.05,,True
t9_bf16_forced,39,attn,2048-8192,0.0072675154503578625,0.010242337689843815,0.01306860981446392,0.006642830160660375,0.009619851123071989,0.019928490481981125,0.05,,True
t9_bf16_forced,39,moe,2048-8192,0.006428511639133846,0.010357532925860027,0.01381784045416702,0.005643274172617981,0.00882176894188102,0.016929822517853944,0.05,,True
t9_bf16_forced,39,attn,8192-16384,0.007137780778467471,0.01068306516750468,0.014413944306820747,0.006642830160660375,0.009619851123071989,0.019928490481981125,0.05,,True
t9_bf16_forced,39,moe,8192-16384,0.006381262673004442,0.010294973223853013,0.015318375802105098,0.005643274172617981,0.00882176894188102,0.016929822517853944,0.05,,True
t9_bf16_forced,40,attn,0-2048,0.005888502708565539,0.007812504534226617,0.009938738292615741,0.005503503295393831,0.00766496380230427,0.016510509886181492,0.05,,True
t9_bf16_forced,40,moe,0-2048,0.006882278208349741,0.018670018708233968,0.03114838844731185,0.005845062784204466,0.013897384904315054,0.017535188352613397,0.05,,True
t9_bf16_forced,40,attn,2048-8192,0.0058095821549107,0.00790509993897773,0.011081354446127194,0.005503503295393831,0.00766496380230427,0.016510509886181492,0.05,,True
t9_bf16_forced,40,moe,2048-8192,0.00673196065086448,0.01888905977082676,0.02715423364894689,0.005845062784204466,0.013897384904315054,0.017535188352613397,0.05,,True
t9_bf16_forced,40,attn,8192-16384,0.005304513846198896,0.007281983446340356,0.008984699107323739,0.005503503295393831,0.00766496380230427,0.016510509886181492,0.05,,True
t9_bf16_forced,40,moe,8192-16384,0.00667182100176001,0.01781023066715227,0.024598177650125116,0.005845062784204466,0.013897384904315054,0.017535188352613397,0.05,,True
t9_bf16_forced,41,attn,0-2048,0.006751458570119943,0.010264612708635448,0.012220536558470586,0.006377073725548514,0.009546419813869948,0.019131221176645542,0.05,,True
t9_bf16_forced,41,moe,0-2048,0.006084878229961362,0.010694161715845623,0.014732132558143625,0.005538274248525732,0.009541672741759474,0.0166148227455772,0.05,,True
t9_bf16_forced,41,attn,2048-8192,0.006537971999149925,0.010033081908691364,0.014550541562726022,0.006377073725548514,0.009546419813869948,0.019131221176645542,0.05,,True
t9_bf16_forced,41,moe,2048-8192,0.0060964445395923494,0.010617771235845487,0.01583238364965774,0.005538274248525732,0.009541672741759474,0.0166148227455772,0.05,,True
t9_bf16_forced,41,attn,8192-16384,0.0065730587279817145,0.009904094825299392,0.014766860482715518,0.006377073725548514,0.009546419813869948,0.019131221176645542,0.05,,True
t9_bf16_forced,41,moe,8192-16384,0.006120759727740872,0.010408643013281494,0.014602161650927991,0.005538274248525732,0.009541672741759474,0.0166148227455772,0.05,,True
t9_bf16_forced,42,attn,0-2048,0.007255052401451912,0.011964000593788344,0.016904776887474878,0.006828266198077491,0.011704161385401854,0.020484798594232474,0.05,,True
t9_bf16_forced,42,moe,0-2048,0.006562587905042681,0.010597144340111116,0.021225015358637706,0.0058522602529843416,0.009467940517149005,0.017556780758953026,0.05,,True
t9_bf16_forced,42,attn,2048-8192,0.006802841113095918,0.011610449874006341,0.01731555289602439,0.006828266198077491,0.011704161385401854,0.020484798594232474,0.05,,True
t9_bf16_forced,42,moe,2048-8192,0.006525662423944934,0.01086897536743558,0.020070949746481614,0.0058522602529843416,0.009467940517149005,0.017556780758953026,0.05,,True
t9_bf16_forced,42,attn,8192-16384,0.006431918175474345,0.011194612599031633,0.01839545658676303,0.006828266198077491,0.011704161385401854,0.020484798594232474,0.05,,True
t9_bf16_forced,42,moe,8192-16384,0.006278167797836106,0.011217561450727593,0.02777678543795079,0.0058522602529843416,0.009467940517149005,0.017556780758953026,0.05,,True
t9_bf16_forced,43,attn,0-2048,0.006479672149590405,0.011150370917945813,0.014054452290713757,0.006184356748025423,0.010719430528244747,0.01855307024407627,0.05,,True
t9_bf16_forced,43,moe,0-2048,0.006088974567454324,0.00944357765840258,0.012748809809952615,0.005286121634658501,0.00865100836169832,0.015858364903975502,0.05,,True
t9_bf16_forced,43,attn,2048-8192,0.006423158318562008,0.01119301328277594,0.015395183066308736,0.006184356748025423,0.010719430528244747,0.01855307024407627,0.05,,True
t9_bf16_forced,43,moe,2048-8192,0.006024807591052239,0.009685924839847121,0.019165359091864752,0.005286121634658501,0.00865100836169832,0.015858364903975502,0.05,,True
t9_bf16_forced,43,attn,8192-16384,0.006291906593191969,0.010817984464465158,0.016860097118137983,0.006184356748025423,0.010719430528244747,0.01855307024407627,0.05,,True
t9_bf16_forced,43,moe,8192-16384,0.0059840245598140485,0.009569751686712525,0.014856014239649945,0.005286121634658501,0.00865100836169832,0.015858364903975502,0.05,,True
t9_bf16_forced,44,attn,0-2048,0.009058789608862214,0.012661881165488305,0.01653491782024145,0.007519632601396652,0.011219277858355647,0.022558897804189956,0.05,,True
t9_bf16_forced,44,moe,0-2048,0.006791523770011319,0.010675894570904804,0.020939997584129434,0.005816924117421068,0.00895092788045276,0.017450772352263205,0.05,,True
t9_bf16_forced,44,attn,2048-8192,0.008255020518322845,0.012299445513927788,0.01561075771045222,0.007519632601396652,0.011219277858355647,0.022558897804189956,0.05,,True
t9_bf16_forced,44,moe,2048-8192,0.006476386334841046,0.010167029443579546,0.014528552259343415,0.005816924117421068,0.00895092788045276,0.017450772352263205,0.05,,True
t9_bf16_forced,44,attn,8192-16384,0.008379713061378174,0.012945864157865004,0.017803785165352335,0.007519632601396652,0.011219277858355647,0.022558897804189956,0.05,,True
t9_bf16_forced,44,moe,8192-16384,0.006449477565981321,0.010046368774136628,0.021884943467217026,0.005816924117421068,0.00895092788045276,0.017450772352263205,0.05,,True
t9_bf16_forced,45,attn,0-2048,0.005539623694718363,0.008009538662256588,0.009209616864103425,0.005034462639502737,0.007412583070424985,0.015103387918508212,0.05,,True
t9_bf16_forced,45,moe,0-2048,0.006482038540246501,0.009131800805449156,0.012256531749384398,0.005604769839571912,0.007945287192911231,0.016814309518715737,0.05,,True
t9_bf16_forced,45,attn,2048-8192,0.0051687588944064125,0.007691599467804312,0.010542569734521187,0.005034462639502737,0.007412583070424985,0.015103387918508212,0.05,,True
t9_bf16_forced,45,moe,2048-8192,0.006288734927161372,0.009060389467879133,0.011656834764669447,0.005604769839571912,0.007945287192911231,0.016814309518715737,0.05,,True
t9_bf16_forced,45,attn,8192-16384,0.00514228124766997,0.007625905352808251,0.010000245126763974,0.005034462639502737,0.007412583070424985,0.015103387918508212,0.05,,True
t9_bf16_forced,45,moe,8192-16384,0.006268110870523164,0.008987538594279983,0.012916855871084222,0.005604769839571912,0.007945287192911231,0.016814309518715737,0.05,,True
t9_bf16_forced,46,attn,0-2048,0.004715759216542875,0.006824374780449757,0.007741435744916284,0.0042419610187302195,0.006911489303654371,0.012725883056190658,0.05,,True
t9_bf16_forced,46,moe,0-2048,0.00543653426113376,0.007405969884736299,0.009173596795472765,0.004821664837385683,0.006710015781013295,0.01446499451215705,0.05,,True
t9_bf16_forced,46,attn,2048-8192,0.004184248940754084,0.006670127750955382,0.010721147701532955,0.0042419610187302195,0.006911489303654371,0.012725883056190658,0.05,,True
t9_bf16_forced,46,moe,2048-8192,0.0052847111070550325,0.007289050877305935,0.008496919570586441,0.004821664837385683,0.006710015781013295,0.01446499451215705,0.05,,True
t9_bf16_forced,46,attn,8192-16384,0.003913986140544858,0.006214866377644554,0.008762333811477802,0.0042419610187302195,0.006911489303654371,0.012725883056190658,0.05,,True
t9_bf16_forced,46,moe,8192-16384,0.0051606410984826705,0.007064747953397515,0.009216174778668668,0.004821664837385683,0.006710015781013295,0.01446499451215705,0.05,,True
t9_bf16_forced,47,attn,0-2048,0.004435752288178304,0.007333260638034125,0.009146638511036063,0.003997702796529656,0.006573544687978645,0.011993108389588968,0.05,,True
t9_bf16_forced,47,moe,0-2048,0.005405877163758148,0.007284627950675572,0.00848413325029691,0.004886656036900183,0.0065661341797535145,0.014659968110700548,0.05,,True
t9_bf16_forced,47,attn,2048-8192,0.004123970616800898,0.0070061681455533716,0.01350390811539487,0.003997702796529656,0.006573544687978645,0.011993108389588968,0.05,,True
t9_bf16_forced,47,moe,2048-8192,0.005415679023328253,0.007321366582036417,0.009191173163894052,0.004886656036900183,0.0065661341797535145,0.014659968110700548,0.05,,True
t9_bf16_forced,47,attn,8192-16384,0.003907473050506878,0.006647523427078591,0.010461564612685686,0.003997702796529656,0.006573544687978645,0.011993108389588968,0.05,,True
t9_bf16_forced,47,moe,8192-16384,0.005331229002363937,0.007192419429795585,0.008874694851235052,0.004886656036900183,0.0065661341797535145,0.014659968110700548,0.05,,True
t9_bf16_forced,48,attn,0-2048,0.0054731933695925435,0.008968495652281002,0.011645378492061043,0.005193067435208743,0.009189185033553801,0.01557920230562623,0.05,,True
t9_bf16_forced,48,moe,0-2048,0.005154664641114299,0.008151667093540257,0.00985818804974464,0.004879253688927493,0.007803070141874901,0.01463776106678248,0.05,,True
t9_bf16_forced,48,attn,2048-8192,0.005121169487212206,0.008462838141257138,0.015208293217037717,0.005193067435208743,0.009189185033553801,0.01557920230562623,0.05,,True
t9_bf16_forced,48,moe,2048-8192,0.005462511282353899,0.008286325092405565,0.011106665945834936,0.004879253688927493,0.007803070141874901,0.01463776106678248,0.05,,True
t9_bf16_forced,48,attn,8192-16384,0.005079931507935689,0.007896937878978308,0.01165302349871758,0.005193067435208743,0.009189185033553801,0.01557920230562623,0.05,,True
t9_bf16_forced,48,moe,8192-16384,0.005264999055917405,0.008296992839101689,0.010996649987488526,0.004879253688927493,0.007803070141874901,0.01463776106678248,0.05,,True
t9_bf16_forced,49,attn,0-2048,0.00562847395347249,0.012129005740572643,0.030755447669174638,0.005390417875730623,0.01245951146119717,0.01617125362719187,0.05,,True
t9_bf16_forced,49,moe,0-2048,0.005852719195805668,0.01184234496491391,0.01899175696527017,0.005057013331460742,0.010232008253686992,0.015171039994382225,0.05,,True
t9_bf16_forced,49,attn,2048-8192,0.005118757929743312,0.012038329113704444,0.01893966635982773,0.005390417875730623,0.01245951146119717,0.01617125362719187,0.05,,True
t9_bf16_forced,49,moe,2048-8192,0.005590027286454673,0.010781728235357942,0.0181803988257663,0.005057013331460742,0.010232008253686992,0.015171039994382225,0.05,,True
t9_bf16_forced,49,attn,8192-16384,0.005196708719127694,0.012809818318105563,0.035520054553304994,0.005390417875730623,0.01245951146119717,0.01617125362719187,0.05,,True
t9_bf16_forced,49,moe,8192-16384,0.005618283308334861,0.011341159678638692,0.021844163083140432,0.005057013331460742,0.010232008253686992,0.015171039994382225,0.05,,True
g2q_K4,0,attn,,0.0028605896789632265,0.0035283288485444767,0.004159043030408541,0.0028422362857403,0.0035361052806078684,0.0085267088572209,0.05,,True
g2q_K4,0,moe,,0.0036314729314556094,0.005668390603413206,0.006933558570389485,0.003502211736841551,0.005354062445763834,0.010506635210524654,0.05,,True
g2q_K4,1,attn,,0.0031861553393209997,0.0049848330297212065,0.0064584078276108264,0.0030585040304022763,0.0048220034637093175,0.009175512091206829,0.05,,True
g2q_K4,1,moe,,0.002830107265659799,0.0065159593876531665,0.011196240362724775,0.0027698028184365117,0.00654837580784952,0.008309408455309536,0.05,,True
g2q_K4,2,attn,,0.003173432053855271,0.006171193905833965,0.008321596141700308,0.003053941233894021,0.0062281253973872144,0.009161823701682063,0.05,,True
g2q_K4,2,moe,,0.003841631561603597,0.009063539756539288,0.018875280839281406,0.0036514804232864644,0.008665295914195884,0.010954441269859394,0.05,,True
g2q_K4,3,attn,,0.0035507786809329442,0.007380139845415939,0.011217870360091838,0.003363660426861823,0.006780930460513086,0.010090981280585469,0.05,,True
g2q_K4,3,moe,,0.003975340241180245,0.012377810129223121,0.021750771649234068,0.0037283736077327553,0.011520298090676053,0.011185120823198266,0.05,,True
g2q_K4,4,attn,,0.0032273678856534,0.00907974063123548,0.015600755848461852,0.003061264428271069,0.008138685062779004,0.009183793284813207,0.05,,True
g2q_K4,4,moe,,0.0030493008280040408,0.010417037469023147,0.028925090567545397,0.0029460466041650937,0.010227288786161888,0.008838139812495281,0.05,,True
g2q_K4,5,attn,,0.0028980325052433836,0.009358404742691983,0.014237665393446501,0.0026387230448479426,0.008646399663895564,0.007916169134543828,0.05,,True
g2q_K4,5,moe,,0.004599027591955792,0.013734966448434296,0.03190840855690326,0.004482758333256911,0.014137931142260139,0.013448274999770731,0.05,,True
g2q_K4,6,attn,,0.00359317961126367,0.009051227806624042,0.028872144718880086,0.003382410783155191,0.008437513279991862,0.010147232349465574,0.05,,True
g2q_K4,6,moe,,0.004765259672711303,0.015520578082195655,0.03203462166090292,0.004490197304365617,0.014903353977306587,0.013470591913096852,0.05,,True
g2q_K4,7,attn,,0.004810220165603824,0.010787293648791284,0.01575840249210019,0.004383201622386608,0.009010997101645539,0.013149604867159825,0.05,,True
g2q_K4,7,moe,,0.005993994771860515,0.018972704098447125,0.04132292157664837,0.0053316763318779214,0.017197817161498145,0.015995028995633764,0.051593451484494436,,True
g2q_K4,8,attn,,0.0047601110324335776,0.009579386210719286,0.05139535742894313,0.0043983878059142435,0.009092480920533627,0.01319516341774273,0.05,,True
g2q_K4,8,moe,,0.005829834300031133,0.015761927879370894,0.0940904396211763,0.00531389919941439,0.01501688679624997,0.015941697598243168,0.05,,True
g2q_K4,9,attn,,0.004743389574331241,0.006860811534749806,0.009422063369118688,0.004331415357140985,0.006382004025662244,0.012994246071422955,0.05,,True
g2q_K4,9,moe,,0.004640495254722642,0.007377330304725215,0.009772691201089244,0.004244725681542797,0.00703675385632222,0.012734177044628392,0.05,,True
g2q_K4,10,attn,,0.00483879232051658,0.007037070048732503,0.012707180211085821,0.004489154140078029,0.0066019113564625845,0.013467462420234087,0.05,,True
g2q_K4,10,moe,,0.00405742132918574,0.008100077530392966,0.012249127886336524,0.003789067523581707,0.0078924326391787,0.011367202570745121,0.05,,True
g2q_K4,11,attn,,0.004408917174740924,0.007887467651942811,0.014559108555936047,0.004135989121319206,0.007464182196691303,0.012407967363957618,0.05,,True
g2q_K4,11,moe,,0.0034432937694272863,0.007083163552126767,0.009455662397187752,0.0032828996806240625,0.006852953176329627,0.009848699041872187,0.05,,True
g2q_K4,12,attn,,0.0033645038226436954,0.007425256443386929,0.013582207466315598,0.003166814609597713,0.0071112910658710365,0.009500443828793139,0.05,,True
g2q_K4,12,moe,,0.004024431226093955,0.008447297067333668,0.01929997138856165,0.0037748691689827914,0.007815181881030303,0.011324607506948374,0.05,,True
g2q_K4,13,attn,,0.004387291669670323,0.009753945475434218,0.017635714798057766,0.004067574621858127,0.008434528237163163,0.01220272386557438,0.05,,True
g2q_K4,13,moe,,0.0045585813655389905,0.013595395519823241,0.07072902838039373,0.004224331190713863,0.011830156878466216,0.012672993572141588,0.05,,True
g2q_K4,14,attn,,0.005148909454751476,0.009196767291607465,0.015066664633712264,0.0046192458774397364,0.007822898148520897,0.01385773763231921,0.05,,True
g2q_K4,14,moe,,0.0056589587705725905,0.009547289584928691,0.041540454665017545,0.0049979030625107775,0.008062965954050205,0.014993709187532333,0.05,,True
g2q_K4,15,attn,,0.005738156715824864,0.012989343511630409,0.022552994012212668,0.00519621738271645,0.011942267777071587,0.01558865214814935,0.05,,True
g2q_K4,15,moe,,0.0060049032995417775,0.020379300436973582,0.0355534434817848,0.005415370691491807,0.018441459570249938,0.01624611207447542,0.055324378710749814,,True
g2q_K4,16,attn,,0.004610136587860938,0.010803460147047228,0.02326734382892973,0.004359232929449205,0.009915806159334784,0.013077698788347615,0.05,,True
g2q_K4,16,moe,,0.004458933028645207,0.014541890631525042,0.04169986254288291,0.00406950035772929,0.013539077966062595,0.012208501073187869,0.05,,True
g2q_K4,17,attn,,0.0046790271133902,0.010564813475298432,0.01594499354163936,0.0043438209459817165,0.009179172412038056,0.01303146283794515,0.05,,True
g2q_K4,17,moe,,0.0058641543932340685,0.01090286550300337,0.016421951600443845,0.005131478170062575,0.009238385305277671,0.015394434510187726,0.05,,True
g2q_K4,18,attn,,0.006603400270355296,0.014245193453184656,0.022075312314838048,0.005690610151968418,0.011473824608492719,0.017071830455905254,0.05,,True
g2q_K4,18,moe,,0.005261638229154125,0.017101626875573716,0.043301150615361536,0.00438609890566043,0.014029607264806294,0.01315829671698129,0.05,,True
g2q_K4,19,attn,,0.0063869935704183,0.009315176929909711,0.012773628411312028,0.005780460139693888,0.008549901766355781,0.01734138041908166,0.05,,True
g2q_K4,19,moe,,0.0065519240294256206,0.015321224302299773,0.02572066892053899,0.005675463934341637,0.013490038844792853,0.017026391803024912,0.05,,True
g2q_K4,20,attn,,0.0057427193421905,0.008714470322043661,0.01151794378615708,0.005320804742360279,0.008124789347078642,0.015962414227080838,0.05,,True
g2q_K4,20,moe,,0.0068510075321317875,0.010768826946004477,0.015202145306020851,0.005902808217703693,0.008820799959887025,0.01770842465311108,0.05,,True
g2q_K4,21,attn,,0.006093541633696801,0.007697948205608887,0.009036482093173,0.0055003362468007185,0.007058736294125739,0.016501008740402154,0.05,,True
g2q_K4,21,moe,,0.006541559354508661,0.013397930487523678,0.01958938307681583,0.005523294284036227,0.01080835857088878,0.01656988285210868,0.05,,True
g2q_K4,22,attn,,0.0063704726777092085,0.00994860118568615,0.012582631017913867,0.006040965312823479,0.00951067792414368,0.018122895938470437,0.05,,True
g2q_K4,22,moe,,0.00696888192101428,0.010911495642798025,0.01596036496919952,0.00590632478812478,0.008860767270496589,0.01771897436437434,0.05,,True
g2q_K4,23,attn,,0.006240976255460026,0.008309831414012238,0.010388584412249604,0.005630156473935197,0.007685139126187846,0.016890469421805592,0.05,,True
g2q_K4,23,moe,,0.0054294805660809005,0.01132834634786358,0.01840033501442106,0.004698069089200082,0.009891667492699398,0.014094207267600247,0.05,,True
g2q_K4,24,attn,,0.006795794009490309,0.010756565926085917,0.022318174160629152,0.006250986089903749,0.009856787655513979,0.018752958269711247,0.05,,True
g2q_K4,24,moe,,0.007499013315613924,0.01573781040463191,0.02383064112074585,0.0065152785876308,0.013077885813285095,0.0195458357628924,0.05,,True
g2q_K4,25,attn,,0.006016642426343576,0.009966212871785425,0.013914916680322473,0.005538862398076367,0.009357274972388079,0.0166165871942291,0.05,,True
g2q_K4,25,moe,,0.005379881498989323,0.018216142621733575,0.03602581042902857,0.004552381818967121,0.014696353661678842,0.013657145456901363,0.05,,True
g2q_K4,26,attn,,0.004678152949059875,0.009886538598409407,0.01619907556266784,0.004250471702921104,0.009053775351564174,0.012751415108763311,0.05,,True
g2q_K4,26,moe,,0.00619393037520749,0.013007694691258415,0.020195694813300052,0.00525558807741908,0.011699443241646445,0.01576676423225724,0.05,,True
g2q_K4,27,attn,,0.007214684835241046,0.01185680889388372,0.01691754946602767,0.006555541388191404,0.010399190730092472,0.019666624164574213,0.05,,True
g2q_K4,27,moe,,0.006717549279928304,0.01274662291417133,0.02070801767848914,0.005829414497820756,0.01160395078043214,0.017488243493462268,0.05,,True
g2q_K4,28,attn,,0.006869511855616219,0.01142183314375726,0.020000220479934838,0.006017985637499179,0.009815445246287594,0.01805395691249754,0.05,,True
g2q_K4,28,moe,,0.006196873621967235,0.019159744963531455,0.06482360736995527,0.005261037027031469,0.01520678282473957,0.015783111081094404,0.05,,True
g2q_K4,29,attn,,0.007000887576329013,0.012403556010815943,0.023057061005271235,0.006371838174816386,0.011360215107577816,0.019115514524449158,0.05,,True
g2q_K4,29,moe,,0.006524336580528435,0.021344172519751063,0.040632425892370726,0.005825329030541296,0.017390225292792758,0.017475987091623887,0.05217067587837827,,True
g2q_K4,30,attn,,0.004988368030431935,0.01066460417072392,0.028928666304690657,0.004413416290042065,0.009430103611761014,0.013240248870126195,0.05,,True
g2q_K4,30,moe,,0.00801941894798974,0.02379737027261596,0.4152543478415426,0.006732393758328181,0.0192499391846835,0.020197181274984544,0.057749817554050495,,True
g2q_K4,31,attn,,0.0062687324466375125,0.009373835336919913,0.015943112849116623,0.005742053559981966,0.00874974276961268,0.017226160679945896,0.05,,True
g2q_K4,31,moe,,0.010509471404308194,0.03380425549081291,0.07852238446268825,0.008574621110335287,0.02653404649573805,0.02572386333100586,0.07960213948721415,,True
g2q_K4,32,attn,,0.006719640747786981,0.009316462523012197,0.015077687069114418,0.006129387550326238,0.008717673676351028,0.018388162650978715,0.05,,True
g2q_K4,32,moe,,0.006390416659855985,0.00913206676421571,0.014925525378132501,0.005533632846557446,0.007628981915502271,0.016600898539672337,0.05,,True
g2q_K4,33,attn,,0.008495329965468071,0.012851717629454208,0.01926188306054644,0.00789023325135359,0.012287670490506913,0.023670699754060772,0.05,,True
g2q_K4,33,moe,,0.006544859617058639,0.014288279146267383,0.05601364041795139,0.005649583194608536,0.011456448017209252,0.016948749583825605,0.05,,True
g2q_K4,34,attn,,0.00611252313592396,0.009325371610432604,0.014010479454265545,0.0055345443218835656,0.008312016339214185,0.0166036329656507,0.05,,True
g2q_K4,34,moe,,0.005653973758003363,0.007817206133951843,0.010879247448405014,0.00490914578689918,0.006893621159483617,0.014727437360697539,0.05,,True
g2q_K4,35,attn,,0.0061691871098622005,0.008668142983920116,0.014849437687466051,0.0055884057513223085,0.007878220074583235,0.016765217253966926,0.05,,True
g2q_K4,35,moe,,0.007270773244777167,0.019765960699507524,0.02885566930609765,0.006327513127687994,0.01648043793826863,0.018982539383063983,0.05,,True
g2q_K4,36,attn,,0.006576569387925955,0.01040603724198858,0.013552840324214574,0.0061329405815236954,0.009954939767784247,0.018398821744571088,0.05,,True
g2q_K4,36,moe,,0.007038604578959872,0.01547706581837508,0.02440847573250037,0.006217526812468815,0.013502460856862419,0.018652580437406443,0.05,,True
g2q_K4,37,attn,,0.006134659476618398,0.00925495655606728,0.011640909523744273,0.005625156814753009,0.008665053862390578,0.01687547044425903,0.05,,True
g2q_K4,37,moe,,0.005200456089182326,0.007355349325834195,0.00929354099302806,0.004608717776206313,0.0065742451295752674,0.013826153328618938,0.05,,True
g2q_K4,38,attn,,0.0075408229002634965,0.011791800955028338,0.01655815450309391,0.006806889477440478,0.010803173242154209,0.02042066843232143,0.05,,True
g2q_K4,38,moe,,0.006455744098887,0.01476661409524742,0.02543805235265916,0.0054647218487498365,0.012038570876354604,0.01639416554624951,0.05,,True
g2q_K4,39,attn,,0.007446031132103721,0.010812198118354446,0.015070452329966844,0.006642830160660375,0.009619851123071989,0.019928490481981125,0.05,,True
g2q_K4,39,moe,,0.0065960367735161856,0.010489571775510072,0.03578312242013747,0.005643274172617981,0.00882176894188102,0.016929822517853944,0.05,,True
g2q_K4,40,attn,,0.006141209579333544,0.00836776903281512,0.012084911143391358,0.005503503295393831,0.00766496380230427,0.016510509886181492,0.05,,True
g2q_K4,40,moe,,0.006819105128820238,0.017589932362700934,0.031138788416488834,0.005845062784204466,0.013897384904315054,0.017535188352613397,0.05,,True
g2q_K4,41,attn,,0.007031129139674981,0.010328686870575735,0.01516265770013626,0.006377073725548514,0.009546419813869948,0.019131221176645542,0.05,,True
g2q_K4,41,moe,,0.006401948933835314,0.010706415250413348,0.019312865344458002,0.005538274248525732,0.009541672741759474,0.0166148227455772,0.05,,True
g2q_K4,42,attn,,0.007046140013963099,0.012000558244144617,0.01711058291295525,0.006828266198077491,0.011704161385401854,0.020484798594232474,0.05,,True
g2q_K4,42,moe,,0.006671061968990058,0.010961022210839486,0.03337889949327338,0.0058522602529843416,0.009467940517149005,0.017556780758953026,0.05,,True
g2q_K4,43,attn,,0.006766455359691156,0.011302684588344542,0.015678749874266932,0.006184356748025423,0.010719430528244747,0.01855307024407627,0.05,,True
g2q_K4,43,moe,,0.006043446596015442,0.009667896229800061,0.028541304646386805,0.005286121634658501,0.00865100836169832,0.015858364903975502,0.05,,True
g2q_K4,44,attn,,0.008396283514222055,0.01217858521709861,0.016066100733739687,0.007519632601396652,0.011219277858355647,0.022558897804189956,0.05,,True
g2q_K4,44,moe,,0.006773080118210057,0.010538671174238266,0.021076342025235756,0.005816924117421068,0.00895092788045276,0.017450772352263205,0.05,,True
g2q_K4,45,attn,,0.005602443346169583,0.00808360574600289,0.012581223760755414,0.005034462639502737,0.007412583070424985,0.015103387918508212,0.05,,True
g2q_K4,45,moe,,0.006604423657836754,0.009291267921143175,0.013320536656026245,0.005604769839571912,0.007945287192911231,0.016814309518715737,0.05,,True
g2q_K4,46,attn,,0.004633874493456796,0.007633247050517483,0.011803787523173377,0.0042419610187302195,0.006911489303654371,0.012725883056190658,0.05,,True
g2q_K4,46,moe,,0.0057104617245472816,0.007766066501776395,0.009575048123913818,0.004821664837385683,0.006710015781013295,0.01446499451215705,0.05,,True
g2q_K4,47,attn,,0.004403504289385311,0.007185454232882158,0.010108401625304466,0.003997702796529656,0.006573544687978645,0.011993108389588968,0.05,,True
g2q_K4,47,moe,,0.005765211067812026,0.007540174408419512,0.009603893369664667,0.004886656036900183,0.0065661341797535145,0.014659968110700548,0.05,,True
g2q_K4,48,attn,,0.005833699796194456,0.009652699061419613,0.01596629636798596,0.005193067435208743,0.009189185033553801,0.01557920230562623,0.05,,True
g2q_K4,48,moe,,0.005596149179420851,0.008394965156505972,0.012221278934617103,0.004879253688927493,0.007803070141874901,0.01463776106678248,0.05,,True
g2q_K4,49,attn,,0.005853118581674923,0.01423662312359103,0.035872066351067294,0.005390417875730623,0.01245951146119717,0.01617125362719187,0.05,,True
g2q_K4,49,moe,,0.005786559923889175,0.011274971951401026,0.028860596545844195,0.005057013331460742,0.010232008253686992,0.015171039994382225,0.05,,True
g2q_K8,0,attn,,0.002854343422686127,0.003528560064463148,0.00416125156383576,0.0028422362857403,0.0035361052806078684,0.0085267088572209,0.05,,True
g2q_K8,0,moe,,0.0036454805367259393,0.005734143547674569,0.007572412903319279,0.003502211736841551,0.005354062445763834,0.010506635210524654,0.05,,True
g2q_K8,1,attn,,0.0031822510944085466,0.004939947389349513,0.007887152784072208,0.0030585040304022763,0.0048220034637093175,0.009175512091206829,0.05,,True
g2q_K8,1,moe,,0.002818173420536668,0.006540776288636071,0.01034269454200691,0.0027698028184365117,0.00654837580784952,0.008309408455309536,0.05,,True
g2q_K8,2,attn,,0.0031704565070956514,0.006364635568318054,0.00831894862025127,0.003053941233894021,0.0062281253973872144,0.009161823701682063,0.05,,True
g2q_K8,2,moe,,0.003843290429887865,0.009125802674819624,0.019375356060745138,0.0036514804232864644,0.008665295914195884,0.010954441269859394,0.05,,True
g2q_K8,3,attn,,0.0036007697432306595,0.0073430853204561365,0.010020746128445257,0.003363660426861823,0.006780930460513086,0.010090981280585469,0.05,,True
g2q_K8,3,moe,,0.0040063453168265924,0.011381803368142915,0.021517034493043284,0.0037283736077327553,0.011520298090676053,0.011185120823198266,0.05,,True
g2q_K8,4,attn,,0.0032110374479392347,0.008749164504442922,0.012808480057320291,0.003061264428271069,0.008138685062779004,0.009183793284813207,0.05,,True
g2q_K8,4,moe,,0.0030801235116134063,0.010578365870076049,0.021326206548341234,0.0029460466041650937,0.010227288786161888,0.008838139812495281,0.05,,True
g2q_K8,5,attn,,0.0028090972584928244,0.009163909822340452,0.015588099498329474,0.0026387230448479426,0.008646399663895564,0.007916169134543828,0.05,,True
g2q_K8,5,moe,,0.0047372989752457635,0.01383858380364795,0.02659983370318511,0.004482758333256911,0.014137931142260139,0.013448274999770731,0.05,,True
g2q_K8,6,attn,,0.003596771401486762,0.00947461573125193,0.0326854850609349,0.003382410783155191,0.008437513279991862,0.010147232349465574,0.05,,True
g2q_K8,6,moe,,0.004932425426242135,0.016638703644617784,0.03599044661902274,0.004490197304365617,0.014903353977306587,0.013470591913096852,0.05,,True
g2q_K8,7,attn,,0.0048590408014191665,0.01051176075411768,0.015192836896002138,0.004383201622386608,0.009010997101645539,0.013149604867159825,0.05,,True
g2q_K8,7,moe,,0.0061760349729518445,0.020344442885675718,0.04397107408272789,0.0053316763318779214,0.017197817161498145,0.015995028995633764,0.051593451484494436,,True
g2q_K8,8,attn,,0.004826610937328956,0.010085104533148972,0.037575381820773836,0.0043983878059142435,0.009092480920533627,0.01319516341774273,0.05,,True
g2q_K8,8,moe,,0.005916868479215073,0.016429026077836938,0.07404930493233093,0.00531389919941439,0.01501688679624997,0.015941697598243168,0.05,,True
g2q_K8,9,attn,,0.004728563852500697,0.00687161892189511,0.010540243410761981,0.004331415357140985,0.006382004025662244,0.012994246071422955,0.05,,True
g2q_K8,9,moe,,0.00466873610461622,0.007430700221615818,0.009993191066773214,0.004244725681542797,0.00703675385632222,0.012734177044628392,0.05,,True
g2q_K8,10,attn,,0.004897100750320984,0.007111601533938445,0.01236025058792694,0.004489154140078029,0.0066019113564625845,0.013467462420234087,0.05,,True
g2q_K8,10,moe,,0.004077727216310176,0.007950854303131926,0.014942108003422288,0.003789067523581707,0.0078924326391787,0.011367202570745121,0.05,,True
g2q_K8,11,attn,,0.004408352158056971,0.007899421120900824,0.01636590626544509,0.004135989121319206,0.007464182196691303,0.012407967363957618,0.05,,True
g2q_K8,11,moe,,0.0034180584957961297,0.006953587790320216,0.010904568605413428,0.0032828996806240625,0.006852953176329627,0.009848699041872187,0.05,,True
g2q_K8,12,attn,,0.0033687774118498328,0.007551635858442187,0.016366981166744548,0.003166814609597713,0.0071112910658710365,0.009500443828793139,0.05,,True
g2q_K8,12,moe,,0.004069075528355197,0.008248733885484975,0.019720205760020138,0.0037748691689827914,0.007815181881030303,0.011324607506948374,0.05,,True
g2q_K8,13,attn,,0.0044004644187512695,0.00906541207653449,0.016494031089876942,0.004067574621858127,0.008434528237163163,0.01220272386557438,0.05,,True
g2q_K8,13,moe,,0.004656287542782467,0.013036938030025565,0.0928827320548096,0.004224331190713863,0.011830156878466216,0.012672993572141588,0.05,,True
g2q_K8,14,attn,,0.005102464708735956,0.008481996232129632,0.013043354734335582,0.0046192458774397364,0.007822898148520897,0.01385773763231921,0.05,,True
g2q_K8,14,moe,,0.00563167281018451,0.009485680860229145,0.02873125119139577,0.0049979030625107775,0.008062965954050205,0.014993709187532333,0.05,,True
g2q_K8,15,attn,,0.005635335363158716,0.012351712004025852,0.018737880353617415,0.00519621738271645,0.011942267777071587,0.01558865214814935,0.05,,True
g2q_K8,15,moe,,0.006133073440769181,0.020249575310518183,0.04685123352896833,0.005415370691491807,0.018441459570249938,0.01624611207447542,0.055324378710749814,,True
g2q_K8,16,attn,,0.00490078754549847,0.011780265290398937,0.017744113737499824,0.004359232929449205,0.009915806159334784,0.013077698788347615,0.05,,True
g2q_K8,16,moe,,0.004639741259139689,0.015164541432082493,0.03118972574868815,0.00406950035772929,0.013539077966062595,0.012208501073187869,0.05,,True
g2q_K8,17,attn,,0.004728045494575584,0.010353683374643607,0.017647602488420552,0.0043438209459817165,0.009179172412038056,0.01303146283794515,0.05,,True
g2q_K8,17,moe,,0.005828383652465662,0.01097768369948438,0.017167142686143888,0.005131478170062575,0.009238385305277671,0.015394434510187726,0.05,,True
g2q_K8,18,attn,,0.006477896986114984,0.013122251912018115,0.018442283943585918,0.005690610151968418,0.011473824608492719,0.017071830455905254,0.05,,True
g2q_K8,18,moe,,0.0049229108660896696,0.015230543613012558,0.03024880176683418,0.00438609890566043,0.014029607264806294,0.01315829671698129,0.05,,True
g2q_K8,19,attn,,0.006496165252254425,0.00947344363804948,0.013619433210180847,0.005780460139693888,0.008549901766355781,0.01734138041908166,0.05,,True
g2q_K8,19,moe,,0.006677357770715112,0.01633919454242063,0.029564022800487793,0.005675463934341637,0.013490038844792853,0.017026391803024912,0.05,,True
g2q_K8,20,attn,,0.005807602195460056,0.008805635473139523,0.012248440973256612,0.005320804742360279,0.008124789347078642,0.015962414227080838,0.05,,True
g2q_K8,20,moe,,0.006932873149974225,0.01055202561177156,0.016894735778199714,0.005902808217703693,0.008820799959887025,0.01770842465311108,0.05,,True
g2q_K8,21,attn,,0.0061700265402171986,0.00783666395018674,0.009818281164369164,0.0055003362468007185,0.007058736294125739,0.016501008740402154,0.05,,True
g2q_K8,21,moe,,0.006524569227658039,0.013464084585796232,0.024623558221404728,0.005523294284036227,0.01080835857088878,0.01656988285210868,0.05,,True
g2q_K8,22,attn,,0.006603418512847182,0.010267953727737417,0.015749453957970148,0.006040965312823479,0.00951067792414368,0.018122895938470437,0.05,,True
g2q_K8,22,moe,,0.006908293305828695,0.010733420398554471,0.015095619754430042,0.00590632478812478,0.008860767270496589,0.01771897436437434,0.05,,True
g2q_K8,23,attn,,0.0063359519955416095,0.00847968020613952,0.010759449197485393,0.005630156473935197,0.007685139126187846,0.016890469421805592,0.05,,True
g2q_K8,23,moe,,0.005449757846110789,0.011465851856731159,0.01799791826499643,0.004698069089200082,0.009891667492699398,0.014094207267600247,0.05,,True
g2q_K8,24,attn,,0.007034661623228385,0.010932066231773317,0.019935616418262875,0.006250986089903749,0.009856787655513979,0.018752958269711247,0.05,,True
g2q_K8,24,moe,,0.007894260917315463,0.017667081194780655,0.02834182448148568,0.0065152785876308,0.013077885813285095,0.0195458357628924,0.05,,True
g2q_K8,25,attn,,0.006122984251890855,0.01032413026282478,0.01530940992259815,0.005538862398076367,0.009357274972388079,0.0166165871942291,0.05,,True
g2q_K8,25,moe,,0.005346484266222707,0.018092512172857955,0.030858513898918496,0.004552381818967121,0.014696353661678842,0.013657145456901363,0.05,,True
g2q_K8,26,attn,,0.004629696420268081,0.010025509572458636,0.01653742478206181,0.004250471702921104,0.009053775351564174,0.012751415108763311,0.05,,True
g2q_K8,26,moe,,0.006137843669932787,0.012822199772609013,0.021202589393882455,0.00525558807741908,0.011699443241646445,0.01576676423225724,0.05,,True
g2q_K8,27,attn,,0.007277154102327831,0.011747317026949812,0.01632021385113435,0.006555541388191404,0.010399190730092472,0.019666624164574213,0.05,,True
g2q_K8,27,moe,,0.006707074915613924,0.013503168397113123,0.020237046302203198,0.005829414497820756,0.01160395078043214,0.017488243493462268,0.05,,True
g2q_K8,28,attn,,0.006948926457573208,0.011435260275493818,0.01873173492064061,0.006017985637499179,0.009815445246287594,0.01805395691249754,0.05,,True
g2q_K8,28,moe,,0.006168116980522744,0.019279456888328862,0.03355068085316862,0.005261037027031469,0.01520678282473957,0.015783111081094404,0.05,,True
g2q_K8,29,attn,,0.007182828796445947,0.012694149098639949,0.06413885089227395,0.006371838174816386,0.011360215107577816,0.019115514524449158,0.05,,True
g2q_K8,29,moe,,0.006762320201199485,0.020959979179143242,0.044896349871415976,0.005825329030541296,0.017390225292792758,0.017475987091623887,0.05217067587837827,,True
g2q_K8,30,attn,,0.004947681397184519,0.010658081573166691,0.021634995578768412,0.004413416290042065,0.009430103611761014,0.013240248870126195,0.05,,True
g2q_K8,30,moe,,0.00805318372087773,0.023313705191039716,0.1377157903046574,0.006732393758328181,0.0192499391846835,0.020197181274984544,0.057749817554050495,,True
g2q_K8,31,attn,,0.006415064323427288,0.009693798920635422,0.02168443818383775,0.005742053559981966,0.00874974276961268,0.017226160679945896,0.05,,True
g2q_K8,31,moe,,0.010987514134536972,0.034027892518024794,0.04934210384367794,0.008574621110335287,0.02653404649573805,0.02572386333100586,0.07960213948721415,,True
g2q_K8,32,attn,,0.006806049750193784,0.009449534856649518,0.013013572873919686,0.006129387550326238,0.008717673676351028,0.018388162650978715,0.05,,True
g2q_K8,32,moe,,0.006472491255418648,0.00938283267269816,0.013121179205801125,0.005533632846557446,0.007628981915502271,0.016600898539672337,0.05,,True
g2q_K8,33,attn,,0.00857288410595462,0.013039452295137598,0.015723214714311373,0.00789023325135359,0.012287670490506913,0.023670699754060772,0.05,,True
g2q_K8,33,moe,,0.006597346404168794,0.014261485842685608,0.04389726710856335,0.005649583194608536,0.011456448017209252,0.016948749583825605,0.05,,True
g2q_K8,34,attn,,0.006178121989477694,0.009461220418304115,0.014192040480983997,0.0055345443218835656,0.008312016339214185,0.0166036329656507,0.05,,True
g2q_K8,34,moe,,0.005694852516158808,0.007808324998094907,0.010275194147380519,0.00490914578689918,0.006893621159483617,0.014727437360697539,0.05,,True
g2q_K8,35,attn,,0.0063064387152667375,0.008889951109698022,0.011396477564960074,0.0055884057513223085,0.007878220074583235,0.016765217253966926,0.05,,True
g2q_K8,35,moe,,0.007613267571673172,0.02074650459738263,0.03490077674456225,0.006327513127687994,0.01648043793826863,0.018982539383063983,0.05,,True
g2q_K8,36,attn,,0.00662315604749969,0.010438664798686829,0.015193121431385443,0.0061329405815236954,0.009954939767784247,0.018398821744571088,0.05,,True
g2q_K8,36,moe,,0.00719285969531933,0.015355049174752734,0.022911657194231973,0.006217526812468815,0.013502460856862419,0.018652580437406443,0.05,,True
g2q_K8,37,attn,,0.006182925874258132,0.009405583955680379,0.013143122431539445,0.005625156814753009,0.008665053862390578,0.01687547044425903,0.05,,True
g2q_K8,37,moe,,0.005249743093390248,0.007306136213553546,0.011634940625196747,0.004608717776206313,0.0065742451295752674,0.013826153328618938,0.05,,True
g2q_K8,38,attn,,0.007557424962588563,0.011671692134111598,0.014195516856850058,0.006806889477440478,0.010803173242154209,0.02042066843232143,0.05,,True
g2q_K8,38,moe,,0.006463602611409348,0.014743522582489644,0.02293488261308364,0.0054647218487498365,0.012038570876354604,0.01639416554624951,0.05,,True
g2q_K8,39,attn,,0.007553696175884439,0.010960286855807145,0.01592255701308992,0.006642830160660375,0.009619851123071989,0.019928490481981125,0.05,,True
g2q_K8,39,moe,,0.006561824041613212,0.010264546086141815,0.019080889367427,0.005643274172617981,0.00882176894188102,0.016929822517853944,0.05,,True
g2q_K8,40,attn,,0.00625899944633064,0.008415391757209489,0.011520911203464289,0.005503503295393831,0.00766496380230427,0.016510509886181492,0.05,,True
g2q_K8,40,moe,,0.007299410163463548,0.01947691827465795,0.028564252295390828,0.005845062784204466,0.013897384904315054,0.017535188352613397,0.05,,True
g2q_K8,41,attn,,0.007086966490881985,0.010327655845529162,0.01442693711587195,0.006377073725548514,0.009546419813869948,0.019131221176645542,0.05,,True
g2q_K8,41,moe,,0.006411918571387076,0.01069388570273005,0.015435075059808541,0.005538274248525732,0.009541672741759474,0.0166148227455772,0.05,,True
g2q_K8,42,attn,,0.007168030877659313,0.012238095107386016,0.016418268194403614,0.006828266198077491,0.011704161385401854,0.020484798594232474,0.05,,True
g2q_K8,42,moe,,0.006773306895398963,0.011337812154243409,0.05958388177055948,0.0058522602529843416,0.009467940517149005,0.017556780758953026,0.05,,True
g2q_K8,43,attn,,0.006774612458154368,0.011124365762150003,0.01524182764936468,0.006184356748025423,0.010719430528244747,0.01855307024407627,0.05,,True
g2q_K8,43,moe,,0.006137197036467209,0.009973432908481551,0.02363469913413337,0.005286121634658501,0.00865100836169832,0.015858364903975502,0.05,,True
g2q_K8,44,attn,,0.008445653590757343,0.012318689826323533,0.016128184213530385,0.007519632601396652,0.011219277858355647,0.022558897804189956,0.05,,True
g2q_K8,44,moe,,0.006827008875791251,0.010364263531786924,0.022078714546133336,0.005816924117421068,0.00895092788045276,0.017450772352263205,0.05,,True
g2q_K8,45,attn,,0.005660511948213272,0.008291479179554834,0.013744918586139144,0.005034462639502737,0.007412583070424985,0.015103387918508212,0.05,,True
g2q_K8,45,moe,,0.006675023000299508,0.00944344983364219,0.018304459977172765,0.005604769839571912,0.007945287192911231,0.016814309518715737,0.05,,True
g2q_K8,46,attn,,0.004669712667515522,0.0077095693562564335,0.010234539308286038,0.0042419610187302195,0.006911489303654371,0.012725883056190658,0.05,,True
g2q_K8,46,moe,,0.005566520670781408,0.007256877868026803,0.009630214451141155,0.004821664837385683,0.006710015781013295,0.01446499451215705,0.05,,True
g2q_K8,47,attn,,0.004460882466809745,0.007399825901270643,0.010851598279787239,0.003997702796529656,0.006573544687978645,0.011993108389588968,0.05,,True
g2q_K8,47,moe,,0.005715319854192507,0.007551681042457522,0.010033292837371156,0.004886656036900183,0.0065661341797535145,0.014659968110700548,0.05,,True
g2q_K8,48,attn,,0.0056544778548454615,0.009348749893335425,0.014350662417247131,0.005193067435208743,0.009189185033553801,0.01557920230562623,0.05,,True
g2q_K8,48,moe,,0.005554388273553743,0.00815801705680208,0.011440498904499066,0.004879253688927493,0.007803070141874901,0.01463776106678248,0.05,,True
g2q_K8,49,attn,,0.005961542455024468,0.014466637327884129,0.033429163185557505,0.005390417875730623,0.01245951146119717,0.01617125362719187,0.05,,True
g2q_K8,49,moe,,0.005837525553731033,0.011406939580987567,0.022763848046679528,0.005057013331460742,0.010232008253686992,0.015171039994382225,0.05,,True
