{"size_tokens":25000,"prompt_eval_count":25511,"prompt_eval_ms":344483.999458,"eval_count":6,"eval_ms":277.437293,"ttfb_ms":346501,"ttft_ms":346501,"total_ms":346540.893292,"ms_per_prompt_token":13.503,"gpu_window_mw":8828,"cpu_window_mw":25322,"outcome":"completed"}
