{"size_tokens":35000,"prompt_eval_count":35694,"prompt_eval_ms":1125069.420916,"eval_count":6,"eval_ms":528.414876,"ttfb_ms":1127476,"ttft_ms":1127476,"total_ms":1127552.102708,"ms_per_prompt_token":31.52,"gpu_window_mw":1581,"cpu_window_mw":10867,"outcome":"completed"}
