{"size_tokens":15000,"prompt_eval_count":15330,"prompt_eval_ms":128137.623417,"eval_count":6,"eval_ms":213.675541,"ttfb_ms":130018,"ttft_ms":130018,"total_ms":130049.394583,"ms_per_prompt_token":8.359,"gpu_window_mw":5392,"cpu_window_mw":25347,"outcome":"completed"}
